matchId,teamId,homeAway,playerId,startingF,goals,ownGoals,yellowCards,redCards
2058017,9598,2,69616,1,0,0,0,0
2058017,9598,2,105361,1,0,0,0,0
2058017,9598,2,69409,1,0,0,92,0
2058017,9598,2,25393,1,0,0,0,0
2058017,9598,2,135747,1,0,0,0,0
2058017,9598,2,14943,1,1,1,0,0
2058017,9598,2,3476,1,0,0,0,0
2058017,9598,2,8287,1,0,0,0,0
2058017,9598,2,69396,1,0,0,0,0
2058017,9598,2,69968,1,0,0,0,0
2058017,9598,2,14812,1,1,0,0,0
2058017,9598,2,69964,0,0,0,0,0
2058017,9598,2,69353,0,0,0,0,0
2058017,9598,2,212604,0,0,0,0,0
2058017,9598,2,69400,0,0,0,0,0
2058017,9598,2,230626,0,0,0,0,0
2058017,9598,2,69404,0,0,0,0,0
2058017,9598,2,135784,0,0,0,0,0
2058017,9598,2,14771,0,0,0,0,0
2058017,9598,2,231713,0,0,0,0,0
2058017,9598,2,69411,0,0,0,0,0
2058017,9598,2,135810,0,0,0,0,0
2058017,4418,1,31528,1,0,0,27,0
2058017,4418,1,25437,1,0,0,0,0
2058017,4418,1,26010,1,0,0,0,0
2058017,4418,1,3309,1,0,0,0,0
2058017,4418,1,7936,1,1,0,0,0
2058017,4418,1,353833,1,1,0,0,0
2058017,4418,1,340646,1,0,0,0,0
2058017,4418,1,25397,1,0,0,0,0
2058017,4418,1,279545,1,0,0,41,0
2058017,4418,1,3682,1,1,0,0,0
2058017,4418,1,25381,1,0,0,0,0
2058017,4418,1,25418,0,0,0,0,0
2058017,4418,1,26196,0,0,0,0,0
2058017,4418,1,25552,0,0,0,0,0
2058017,4418,1,3276,0,0,0,0,0
2058017,4418,1,28922,0,0,0,0,0
2058017,4418,1,25770,0,0,0,0,0
2058017,4418,1,286390,0,0,0,0,0
2058017,4418,1,231138,0,0,0,0,0
2058017,4418,1,26136,0,0,0,0,0
2058017,4418,1,209091,0,0,0,0,0
2058017,4418,1,8200,0,0,0,0,0
2058017,4418,1,28115,0,0,0,0,0
2058016,2413,2,11066,1,0,0,0,0
2058016,2413,2,8292,1,0,0,0,0
2058016,2413,2,235555,1,0,0,0,0
2058016,2413,2,9380,1,0,0,52,0
2058016,2413,2,7918,1,0,0,0,0
2058016,2413,2,8653,1,0,0,76,0
2058016,2413,2,210044,1,0,0,0,0
2058016,2413,2,8945,1,0,0,0,0
2058016,2413,2,8464,1,0,0,0,0
2058016,2413,2,8717,1,0,0,0,0
2058016,2413,2,10131,1,0,0,0,0
2058016,2413,2,346101,0,0,0,0,0
2058016,2413,2,7945,0,0,0,0,0
2058016,2413,2,7964,0,0,0,0,0
2058016,2413,2,8094,0,0,0,0,0
2058016,2413,2,8277,0,0,0,0,0
2058016,2413,2,12242,0,0,0,0,0
2058016,2413,2,7887,0,0,0,0,0
2058016,2413,2,12829,0,0,0,0,0
2058016,2413,2,7939,0,0,0,0,0
2058016,2413,2,397178,0,0,0,0,0
2058016,2413,2,13484,0,0,0,0,0
2058016,2413,2,7934,0,0,0,0,0
2058016,5629,1,261,1,0,0,0,0
2058016,5629,1,7905,1,0,0,0,0
2058016,5629,1,263802,1,0,0,0,0
2058016,5629,1,36,1,0,0,0,0
2058016,5629,1,37824,1,1,0,0,0
2058016,5629,1,48,1,0,0,0,0
2058016,5629,1,25707,1,1,0,0,0
2058016,5629,1,38021,1,0,0,0,0
2058016,5629,1,8307,1,0,0,0,0
2058016,5629,1,70123,1,0,0,93,0
2058016,5629,1,3429,1,0,0,0,0
2058016,5629,1,134769,0,0,0,0,0
2058016,5629,1,8034,0,0,0,0,0
2058016,5629,1,15795,0,0,0,0,0
2058016,5629,1,25622,0,0,0,0,0
2058016,5629,1,261127,0,0,0,0,0
2058016,5629,1,134702,0,0,0,0,0
2058016,5629,1,8514,0,0,0,0,0
2058016,5629,1,38093,0,0,0,0,0
2058016,5629,1,8249,0,0,0,0,0
2058016,5629,1,122,0,0,0,0,0
2058016,5629,1,7860,0,0,0,0,0
2058016,5629,1,11152,0,0,0,0,0
2058015,2413,2,11066,1,0,0,0,0
2058015,2413,2,9380,1,0,0,0,0
2058015,2413,2,8653,1,0,0,0,0
2058015,2413,2,8945,1,1,0,0,0
2058015,2413,2,8717,1,0,0,0,0
2058015,2413,2,13484,1,0,0,0,0
2058015,2413,2,10131,1,0,0,0,0
2058015,2413,2,7934,1,0,0,0,0
2058015,2413,2,7939,1,0,0,0,0
2058015,2413,2,7964,1,0,0,0,0
2058015,2413,2,8277,1,0,0,54,0
2058015,2413,2,7918,0,0,0,0,0
2058015,2413,2,346101,0,0,0,0,0
2058015,2413,2,8464,0,0,0,0,0
2058015,2413,2,7945,0,0,0,0,0
2058015,2413,2,8094,0,0,0,0,0
2058015,2413,2,235555,0,0,0,0,0
2058015,2413,2,12242,0,0,0,0,0
2058015,2413,2,7887,0,0,0,0,0
2058015,2413,2,210044,0,0,0,0,0
2058015,2413,2,397178,0,0,0,0,0
2058015,2413,2,8292,0,0,0,0,0
2058015,2413,2,12829,0,0,0,0,0
2058015,9598,1,69409,1,0,0,0,0
2058015,9598,1,25393,1,0,0,0,0
2058015,9598,1,135747,1,0,0,0,0
2058015,9598,1,3476,1,0,0,0,0
2058015,9598,1,69396,1,0,0,0,0
2058015,9598,1,69968,1,0,0,0,0
2058015,9598,1,14812,1,1,0,0,0
2058015,9598,1,105361,1,0,0,0,0
2058015,9598,1,69616,1,0,0,96,0
2058015,9598,1,14943,1,1,0,48,0
2058015,9598,1,8287,1,0,0,0,0
2058015,9598,1,69353,0,0,0,0,0
2058015,9598,1,212604,0,0,0,0,0
2058015,9598,1,230626,0,0,0,0,0
2058015,9598,1,69404,0,0,0,0,0
2058015,9598,1,135784,0,0,0,0,0
2058015,9598,1,135810,0,0,0,0,0
2058015,9598,1,231713,0,0,0,0,0
2058015,9598,1,69964,0,0,0,0,0
2058015,9598,1,69411,0,0,0,0,0
2058015,9598,1,69400,0,0,0,0,0
2058015,9598,1,14771,0,0,0,0,0
2058014,5629,2,11152,1,0,0,0,0
2058014,5629,2,8249,1,0,0,0,0
2058014,5629,2,36,1,0,0,71,0
2058014,5629,2,7905,1,0,0,0,0
2058014,5629,2,48,1,0,0,94,0
2058014,5629,2,25707,1,0,0,63,0
2058014,5629,2,38021,1,0,0,0,0
2058014,5629,2,8307,1,0,0,0,0
2058014,5629,2,70123,1,0,0,0,0
2058014,5629,2,3429,1,0,0,0,0
2058014,5629,2,261,1,0,0,0,0
2058014,5629,2,8034,0,0,0,0,0
2058014,5629,2,15795,0,0,0,0,0
2058014,5629,2,25622,0,0,0,0,0
2058014,5629,2,261127,0,0,0,0,0
2058014,5629,2,134702,0,0,0,0,0
2058014,5629,2,263802,0,0,0,0,0
2058014,5629,2,7860,0,0,0,0,0
2058014,5629,2,8514,0,0,0,0,0
2058014,5629,2,134769,0,0,0,0,0
2058014,5629,2,122,0,0,0,0,0
2058014,5629,2,38093,0,0,0,0,0
2058014,4418,1,26010,1,0,0,0,0
2058014,4418,1,25437,1,0,0,0,0
2058014,4418,1,3309,1,0,0,0,0
2058014,4418,1,7936,1,0,0,0,0
2058014,4418,1,353833,1,0,0,92,0
2058014,4418,1,340646,1,0,0,0,0
2058014,4418,1,25397,1,1,0,0,0
2058014,4418,1,31528,1,0,0,0,0
2058014,4418,1,279545,1,0,0,0,0
2058014,4418,1,3682,1,0,0,87,0
2058014,4418,1,25381,1,0,0,0,0
2058014,4418,1,25418,0,0,0,0,0
2058014,4418,1,26196,0,0,0,0,0
2058014,4418,1,25552,0,0,0,0,0
2058014,4418,1,3276,0,0,0,0,0
2058014,4418,1,28922,0,0,0,0,0
2058014,4418,1,25770,0,0,0,0,0
2058014,4418,1,286390,0,0,0,0,0
2058014,4418,1,231138,0,0,0,0,0
2058014,4418,1,26136,0,0,0,0,0
2058014,4418,1,28115,0,0,0,0,0
2058014,4418,1,209091,0,0,0,0,0
2058014,4418,1,8200,0,0,0,0,0
2058012,14358,1,101699,1,0,0,0,0
2058012,14358,1,4513,1,1,0,0,0
2058012,14358,1,101669,1,0,0,0,0
2058012,14358,1,103668,1,0,0,0,0
2058012,14358,1,220971,1,0,0,0,0
2058012,14358,1,41123,1,1,0,0,0
2058012,14358,1,103682,1,0,0,0,0
2058012,14358,1,101647,1,0,0,0,0
2058012,14358,1,101576,1,0,0,0,0
2058012,14358,1,101583,1,0,0,0,0
2058012,14358,1,257800,1,0,0,0,0
2058012,14358,1,101834,0,0,0,0,0
2058012,14358,1,101682,0,0,0,0,0
2058012,14358,1,262048,0,0,0,0,0
2058012,14358,1,101971,0,0,0,0,0
2058012,14358,1,101825,0,0,0,0,0
2058012,14358,1,101857,0,0,0,0,0
2058012,14358,1,288708,0,0,0,0,0
2058012,14358,1,102629,0,0,0,0,0
2058012,14358,1,102157,0,0,0,109,0
2058012,14358,1,101707,0,0,0,0,0
2058012,14358,1,101953,0,0,0,0,0
2058012,14358,1,101590,0,0,0,0,0
2058012,9598,2,14812,1,0,0,0,0
2058012,9598,2,105361,1,0,0,38,0
2058012,9598,2,69411,1,1,0,0,0
2058012,9598,2,25393,1,0,0,35,0
2058012,9598,2,135747,1,0,0,0,0
2058012,9598,2,14943,1,0,0,0,0
2058012,9598,2,3476,1,0,0,0,0
2058012,9598,2,8287,1,0,0,0,0
2058012,9598,2,69396,1,1,0,102,0
2058012,9598,2,69616,1,0,0,0,0
2058012,9598,2,69409,1,0,0,0,0
2058012,9598,2,69353,0,0,0,0,0
2058012,9598,2,212604,0,0,0,0,0
2058012,9598,2,69400,0,0,0,0,0
2058012,9598,2,230626,0,0,0,0,0
2058012,9598,2,135784,0,0,0,0,0
2058012,9598,2,135810,0,0,0,0,0
2058012,9598,2,231713,0,0,0,0,0
2058012,9598,2,69964,0,0,0,114,0
2058012,9598,2,69968,0,0,0,0,0
2058012,9598,2,69404,0,0,0,0,0
2058012,9598,2,14771,0,0,0,0,0
2058013,7047,1,123,1,0,0,0,0
2058013,7047,1,51132,1,0,0,0,0
2058013,7047,1,51064,1,0,0,0,0
2058013,7047,1,50798,1,0,0,0,0
2058013,7047,1,71703,1,0,0,0,0
2058013,7047,1,20876,1,0,0,0,0
2058013,7047,1,51144,1,0,0,0,0
2058013,7047,1,14908,1,0,0,0,0
2058013,7047,1,8529,1,0,0,94,0
2058013,7047,1,21275,1,0,0,0,0
2058013,7047,1,51217,1,0,0,0,0
2058013,7047,1,50771,0,0,0,0,0
2058013,7047,1,149151,0,0,0,0,0
2058013,7047,1,32798,0,0,0,0,0
2058013,7047,1,51262,0,0,0,0,0
2058013,7047,1,51145,0,0,0,0,0
2058013,7047,1,50805,0,0,0,0,0
2058013,7047,1,51151,0,0,0,0,0
2058013,7047,1,50812,0,0,0,0,0
2058013,7047,1,8192,0,0,0,0,0
2058013,7047,1,50806,0,0,0,0,0
2058013,7047,1,151,0,0,0,87,0
2058013,2413,2,13484,1,1,0,0,0
2058013,2413,2,7964,1,0,0,0,0
2058013,2413,2,9380,1,0,0,0,0
2058013,2413,2,8653,1,1,0,87,0
2058013,2413,2,8945,1,0,0,0,0
2058013,2413,2,8717,1,0,0,0,0
2058013,2413,2,10131,1,0,0,0,0
2058013,2413,2,8277,1,0,0,0,0
2058013,2413,2,7934,1,0,0,0,0
2058013,2413,2,7939,1,0,0,0,0
2058013,2413,2,11066,1,0,0,0,0
2058013,2413,2,7918,0,0,0,0,0
2058013,2413,2,346101,0,0,0,0,0
2058013,2413,2,7945,0,0,0,0,0
2058013,2413,2,8094,0,0,0,0,0
2058013,2413,2,8292,0,0,0,0,0
2058013,2413,2,235555,0,0,0,0,0
2058013,2413,2,12242,0,0,0,0,0
2058013,2413,2,7887,0,0,0,0,0
2058013,2413,2,12829,0,0,0,0,0
2058013,2413,2,210044,0,0,0,0,0
2058013,2413,2,8464,0,0,0,0,0
2058013,2413,2,397178,0,0,0,0,0
2058011,6380,1,105333,1,0,0,0,0
2058011,6380,1,340386,1,0,0,0,0
2058011,6380,1,40550,1,0,0,0,0
2058011,6380,1,40810,1,0,0,0,0
2058011,6380,1,3310,1,0,0,0,0
2058011,6380,1,3431,1,0,0,0,0
2058011,6380,1,3802,1,0,0,0,0
2058011,6380,1,40707,1,0,0,89,0
2058011,6380,1,20394,1,0,0,0,0
2058011,6380,1,105339,1,0,1,85,0
2058011,6380,1,214220,1,0,0,0,0
2058011,6380,1,105802,0,0,0,0,0
2058011,6380,1,40539,0,0,0,0,0
2058011,6380,1,40536,0,0,0,0,0
2058011,6380,1,3434,0,0,0,0,0
2058011,6380,1,15272,0,0,0,0,0
2058011,6380,1,71654,0,0,0,0,0
2058011,6380,1,40335,0,0,0,0,0
2058011,6380,1,105334,0,0,0,0,0
2058011,6380,1,15808,0,0,0,0,0
2058011,6380,1,14785,0,1,0,0,0
2058011,5629,2,261,1,0,0,0,0
2058011,5629,2,7905,1,0,0,0,0
2058011,5629,2,36,1,0,0,47,0
2058011,5629,2,37824,1,0,0,71,0
2058011,5629,2,48,1,0,0,0,0
2058011,5629,2,25707,1,0,0,0,0
2058011,5629,2,38021,1,1,0,0,0
2058011,5629,2,8307,1,0,0,0,0
2058011,5629,2,8249,1,0,0,0,0
2058011,5629,2,70123,1,0,0,0,0
2058011,5629,2,3429,1,0,0,0,0
2058011,5629,2,134769,0,0,0,0,0
2058011,5629,2,8034,0,0,0,0,0
2058011,5629,2,15795,0,0,0,0,0
2058011,5629,2,25622,0,0,0,0,0
2058011,5629,2,261127,0,0,0,0,0
2058011,5629,2,134702,0,0,0,0,0
2058011,5629,2,122,0,0,0,0,0
2058011,5629,2,11152,0,0,0,0,0
2058011,5629,2,8514,0,0,0,0,0
2058011,5629,2,38093,0,0,0,0,0
2058011,5629,2,263802,0,0,0,0,0
2058011,5629,2,7860,0,0,0,0,0
2058010,15670,1,3714,1,0,0,0,0
2058010,15670,1,361807,1,0,0,38,0
2058010,15670,1,299618,1,0,0,0,0
2058010,15670,1,333571,1,0,0,0,0
2058010,15670,1,32641,1,0,0,0,0
2058010,15670,1,116269,1,0,0,0,0
2058010,15670,1,227894,1,0,0,0,0
2058010,15670,1,20460,1,0,0,0,0
2058010,15670,1,3433,1,0,0,0,0
2058010,15670,1,116349,1,0,0,0,0
2058010,15670,1,7972,1,0,0,0,0
2058010,15670,1,116259,0,0,0,0,0
2058010,15670,1,7954,0,0,0,0,0
2058010,15670,1,113995,0,0,0,0,0
2058010,15670,1,213364,0,0,0,0,0
2058010,15670,1,116166,0,0,0,0,0
2058010,15670,1,70116,0,0,0,0,0
2058010,15670,1,116623,0,0,0,0,0
2058010,15670,1,86340,0,0,0,0,0
2058010,15670,1,395636,0,0,0,0,0
2058010,15670,1,70379,0,0,0,0,0
2058010,15670,1,70095,0,0,0,69,0
2058010,4418,2,209091,1,0,0,0,0
2058010,4418,2,353833,1,0,0,69,0
2058010,4418,2,3309,1,1,0,0,0
2058010,4418,2,7936,1,0,0,0,0
2058010,4418,2,26010,1,0,0,0,0
2058010,4418,2,340646,1,0,0,0,0
2058010,4418,2,25397,1,0,0,0,0
2058010,4418,2,31528,1,0,0,0,0
2058010,4418,2,279545,1,0,0,33,0
2058010,4418,2,25381,1,0,0,0,0
2058010,4418,2,3682,1,1,0,0,0
2058010,4418,2,25418,0,0,0,0,0
2058010,4418,2,26196,0,0,0,0,0
2058010,4418,2,25552,0,0,0,0,0
2058010,4418,2,3276,0,0,0,0,0
2058010,4418,2,28922,0,0,0,0,0
2058010,4418,2,25770,0,0,0,0,0
2058010,4418,2,231138,0,0,0,0,0
2058010,4418,2,26136,0,0,0,0,0
2058010,4418,2,286390,0,0,0,0,0
2058010,4418,2,8200,0,0,0,0,0
2058010,4418,2,28115,0,0,0,0,0
2058009,2413,2,13484,1,0,0,0,0
2058009,2413,2,11066,1,0,0,0,0
2058009,2413,2,9380,1,0,0,0,0
2058009,2413,2,8653,1,0,0,0,0
2058009,2413,2,8945,1,0,0,0,0
2058009,2413,2,8717,1,1,0,0,0
2058009,2413,2,7964,1,0,0,56,0
2058009,2413,2,10131,1,0,0,0,0
2058009,2413,2,7934,1,0,0,69,0
2058009,2413,2,7939,1,0,0,0,0
2058009,2413,2,8277,1,0,0,0,0
2058009,2413,2,7918,0,0,0,0,0
2058009,2413,2,346101,0,0,0,0,0
2058009,2413,2,7945,0,0,0,0,0
2058009,2413,2,8094,0,0,0,0,0
2058009,2413,2,235555,0,0,0,0,0
2058009,2413,2,12242,0,0,0,0,0
2058009,2413,2,7887,0,0,0,0,0
2058009,2413,2,210044,0,0,0,0,0
2058009,2413,2,397178,0,0,0,0,0
2058009,2413,2,8292,0,0,0,0,0
2058009,2413,2,12829,0,0,0,0,0
2058009,12430,1,255738,1,0,0,0,0
2058009,12430,1,26518,1,0,0,54,0
2058009,12430,1,91019,1,0,0,0,0
2058009,12430,1,246928,1,0,0,41,0
2058009,12430,1,25662,1,0,0,0,0
2058009,12430,1,257762,1,0,0,0,0
2058009,12430,1,91702,1,0,0,0,0
2058009,12430,1,256634,1,1,0,0,0
2058009,12430,1,20751,1,0,0,118,0
2058009,12430,1,3450,1,0,0,63,0
2058009,12430,1,70136,1,0,0,52,0
2058009,12430,1,90999,0,0,0,0,0
2058009,12430,1,4814,0,0,0,0,0
2058009,12430,1,91002,0,0,0,0,0
2058009,12430,1,91039,0,0,0,0,0
2058009,12430,1,91381,0,0,0,0,0
2058009,12430,1,91082,0,0,0,0,0
2058009,12430,1,3531,0,0,0,0,0
2058009,12430,1,37831,0,0,0,64,0
2058009,12430,1,20764,0,0,0,0,0
2058009,12430,1,91502,0,0,0,0,0
2058008,7047,1,61949,1,0,0,31,0
2058008,7047,1,51132,1,1,0,0,0
2058008,7047,1,50798,1,0,0,0,0
2058008,7047,1,71703,1,0,0,0,0
2058008,7047,1,32798,1,0,0,0,0
2058008,7047,1,20876,1,0,0,0,0
2058008,7047,1,51144,1,0,0,0,0
2058008,7047,1,14908,1,0,0,0,0
2058008,7047,1,123,1,0,0,0,0
2058008,7047,1,21275,1,0,0,0,0
2058008,7047,1,51217,1,0,0,0,0
2058008,7047,1,50771,0,0,0,0,0
2058008,7047,1,149151,0,0,0,0,0
2058008,7047,1,50806,0,0,0,0,0
2058008,7047,1,51145,0,0,0,0,0
2058008,7047,1,50805,0,0,0,0,0
2058008,7047,1,51151,0,0,0,0,0
2058008,7047,1,151,0,0,0,0,0
2058008,7047,1,50812,0,0,0,0,0
2058008,7047,1,51064,0,0,0,0,0
2058008,7047,1,51262,0,0,0,0,0
2058008,7047,1,8192,0,0,0,0,0
2058008,6697,2,49997,1,0,0,0,0
2058008,6697,2,21169,1,0,0,0,0
2058008,6697,2,297957,1,0,0,0,0
2058008,6697,2,14922,1,0,0,0,0
2058008,6697,2,49872,1,0,0,0,0
2058008,6697,2,49855,1,0,0,0,0
2058008,6697,2,50023,1,0,0,0,0
2058008,6697,2,7850,1,0,0,0,0
2058008,6697,2,20938,1,0,0,61,0
2058008,6697,2,49977,1,0,0,0,94
2058008,6697,2,49876,1,0,0,68,0
2058008,6697,2,49883,0,0,0,0,0
2058008,6697,2,49968,0,0,0,0,0
2058008,6697,2,15199,0,0,0,0,0
2058008,6697,2,49991,0,0,0,0,0
2058008,6697,2,360992,0,0,0,0,0
2058008,6697,2,49919,0,0,0,0,0
2058008,6697,2,20591,0,0,0,0,0
2058008,6697,2,236528,0,0,0,0,0
2058008,6697,2,20766,0,0,0,0,0
2058008,6697,2,282772,0,0,0,0,0
2058007,12913,2,94828,1,0,0,40,0
2058007,12913,2,94650,1,1,0,0,0
2058007,12913,2,14836,1,1,0,0,0
2058007,12913,2,94831,1,0,0,0,0
2058007,12913,2,37896,1,0,0,0,0
2058007,12913,2,94695,1,0,0,0,0
2058007,12913,2,703,1,0,0,0,0
2058007,12913,2,94814,1,0,0,0,0
2058007,12913,2,20517,1,0,0,0,0
2058007,12913,2,14929,1,0,0,0,0
2058007,12913,2,14816,1,0,0,0,0
2058007,12913,2,94764,0,0,0,0,0
2058007,12913,2,94630,0,0,0,0,0
2058007,12913,2,95108,0,0,0,0,0
2058007,12913,2,14749,0,0,0,0,0
2058007,12913,2,137653,0,0,0,0,0
2058007,12913,2,137661,0,0,0,0,0
2058007,12913,2,14763,0,0,0,0,0
2058007,12913,2,95349,0,0,0,0,0
2058007,12913,2,94922,0,0,0,0,0
2058007,12913,2,14730,0,0,0,0,0
2058007,12913,2,95010,0,0,0,0,0
2058007,12913,2,101592,0,0,0,0,0
2058007,5629,1,134769,1,0,0,0,0
2058007,5629,1,122,1,0,0,0,0
2058007,5629,1,36,1,0,0,0,0
2058007,5629,1,37824,1,0,0,0,0
2058007,5629,1,7905,1,0,0,0,0
2058007,5629,1,48,1,1,0,0,0
2058007,5629,1,25707,1,0,0,0,0
2058007,5629,1,38021,1,0,0,0,0
2058007,5629,1,8307,1,0,0,0,0
2058007,5629,1,70123,1,0,0,0,0
2058007,5629,1,3429,1,0,0,0,0
2058007,5629,1,8034,0,0,0,0,0
2058007,5629,1,15795,0,0,0,0,0
2058007,5629,1,25622,0,0,0,0,0
2058007,5629,1,261127,0,0,0,0,0
2058007,5629,1,134702,0,0,0,0,0
2058007,5629,1,263802,0,0,0,0,0
2058007,5629,1,7860,0,0,0,0,0
2058007,5629,1,11152,0,0,0,0,0
2058007,5629,1,8514,0,0,0,0,0
2058007,5629,1,38093,0,0,0,0,0
2058007,5629,1,261,0,1,0,0,0
2058007,5629,1,8249,0,1,0,0,0
2058006,15473,2,59003,1,0,0,0,0
2058006,15473,2,448210,1,0,0,38,0
2058006,15473,2,7941,1,0,0,0,0
2058006,15473,2,112777,1,0,0,0,0
2058006,15473,2,3685,1,0,0,0,0
2058006,15473,2,295156,1,0,0,0,0
2058006,15473,2,336178,1,0,0,0,0
2058006,15473,2,112459,1,0,0,55,0
2058006,15473,2,25816,1,0,0,0,0
2058006,15473,2,3384,1,0,0,92,0
2058006,15473,2,255387,1,0,0,77,0
2058006,15473,2,112522,0,0,0,0,0
2058006,15473,2,112813,0,0,0,0,0
2058006,15473,2,112253,0,0,0,0,0
2058006,15473,2,112710,0,0,0,0,0
2058006,15473,2,112556,0,0,0,0,0
2058006,15473,2,112542,0,0,0,0,0
2058006,15473,2,8297,0,0,0,0,0
2058006,15473,2,284267,0,0,0,0,0
2058006,15473,2,3349,0,0,0,0,0
2058006,15473,2,112392,0,0,0,0,0
2058006,15473,2,112366,0,0,0,0,0
2058006,6380,1,40550,1,0,0,0,0
2058006,6380,1,3802,1,0,0,0,0
2058006,6380,1,40756,1,0,0,59,0
2058006,6380,1,40810,1,1,0,0,0
2058006,6380,1,3431,1,0,0,0,0
2058006,6380,1,3434,1,0,0,43,0
2058006,6380,1,40707,1,0,0,0,0
2058006,6380,1,20394,1,0,0,0,0
2058006,6380,1,340386,1,0,0,0,0
2058006,6380,1,214220,1,0,0,0,0
2058006,6380,1,105333,1,0,0,0,0
2058006,6380,1,3310,0,0,0,0,0
2058006,6380,1,70083,0,0,0,0,0
2058006,6380,1,14785,0,0,0,0,0
2058006,6380,1,105802,0,0,0,0,0
2058006,6380,1,40536,0,0,0,0,0
2058006,6380,1,15272,0,0,0,0,0
2058006,6380,1,71654,0,0,0,0,0
2058006,6380,1,40335,0,0,0,0,0
2058006,6380,1,15808,0,1,0,0,0
2058006,6380,1,40539,0,0,0,0,0
2058006,6380,1,105339,0,0,0,0,0
2058005,7712,2,135103,1,0,0,0,0
2058005,7712,2,135150,1,0,0,0,0
2058005,7712,2,55957,1,0,0,0,0
2058005,7712,2,56394,1,0,0,0,0
2058005,7712,2,8480,1,0,0,0,0
2058005,7712,2,54,1,0,0,0,0
2058005,7712,2,55979,1,1,0,115,0
2058005,7712,2,56274,1,0,0,0,0
2058005,7712,2,20433,1,0,0,0,0
2058005,7712,2,55990,1,0,0,0,0
2058005,7712,2,55968,1,0,0,0,0
2058005,7712,2,15806,0,0,0,0,0
2058005,7712,2,56441,0,0,0,0,0
2058005,7712,2,56454,0,0,0,0,0
2058005,7712,2,281254,0,0,0,0,0
2058005,7712,2,1722,0,0,0,0,0
2058005,7712,2,56038,0,0,0,0,0
2058005,7712,2,14744,0,0,0,0,0
2058005,7712,2,56026,0,0,0,0,0
2058005,7712,2,241945,0,0,0,0,0
2058005,7712,2,56025,0,0,0,0,0
2058005,7712,2,405,0,0,0,0,0
2058005,7712,2,15080,0,0,0,0,0
2058005,9598,1,69968,1,0,0,0,0
2058005,9598,1,105361,1,0,0,0,0
2058005,9598,1,69409,1,0,0,0,0
2058005,9598,1,25393,1,0,0,0,0
2058005,9598,1,135747,1,0,0,0,0
2058005,9598,1,3476,1,0,0,0,0
2058005,9598,1,8287,1,0,0,0,0
2058005,9598,1,69396,1,0,0,0,0
2058005,9598,1,69616,1,0,0,0,0
2058005,9598,1,14812,1,0,0,0,0
2058005,9598,1,14943,1,1,0,0,0
2058005,9598,1,69353,0,0,0,0,0
2058005,9598,1,212604,0,0,0,0,0
2058005,9598,1,230626,0,0,0,0,0
2058005,9598,1,135784,0,0,0,0,0
2058005,9598,1,14771,0,0,0,0,0
2058005,9598,1,135810,0,0,0,0,0
2058005,9598,1,231713,0,0,0,0,0
2058005,9598,1,69964,0,0,0,0,0
2058005,9598,1,69411,0,0,0,0,0
2058005,9598,1,69400,0,0,0,0,0
2058005,9598,1,69404,0,0,0,0,0
2058004,14358,2,101857,1,0,0,0,0
2058004,14358,2,101699,1,0,0,0,0
2058004,14358,2,101669,1,1,0,0,0
2058004,14358,2,103668,1,0,0,54,0
2058004,14358,2,41123,1,0,0,0,0
2058004,14358,2,257800,1,0,0,0,0
2058004,14358,2,103682,1,0,0,71,0
2058004,14358,2,101647,1,0,0,0,0
2058004,14358,2,101576,1,0,0,0,0
2058004,14358,2,101583,1,0,1,0,0
2058004,14358,2,220971,1,0,0,0,0
2058004,14358,2,102157,0,0,0,0,0
2058004,14358,2,101834,0,0,0,0,0
2058004,14358,2,262048,0,0,0,0,0
2058004,14358,2,101971,0,0,0,0,0
2058004,14358,2,101590,0,0,0,0,0
2058004,14358,2,288708,0,0,0,0,0
2058004,14358,2,102629,0,0,0,0,0
2058004,14358,2,101682,0,0,0,0,0
2058004,14358,2,101707,0,0,0,0,0
2058004,14358,2,101953,0,0,0,0,0
2058004,14358,2,4513,0,0,0,0,0
2058004,1598,1,8317,1,0,0,0,0
2058004,1598,1,3304,1,0,0,0,0
2058004,1598,1,4338,1,0,0,0,0
2058004,1598,1,7910,1,0,0,0,0
2058004,1598,1,3443,1,0,0,0,0
2058004,1598,1,3306,1,0,0,0,0
2058004,1598,1,3346,1,0,0,0,0
2058004,1598,1,3341,1,0,0,40,0
2058004,1598,1,3269,1,0,0,0,0
2058004,1598,1,3563,1,0,0,0,0
2058004,1598,1,288091,1,0,0,0,0
2058004,1598,1,3397,0,0,0,0,0
2058004,1598,1,7949,0,0,0,0,0
2058004,1598,1,4488,0,0,0,0,0
2058004,1598,1,3560,0,0,0,0,0
2058004,1598,1,278289,0,0,0,0,0
2058004,1598,1,3345,0,0,0,0,0
2058004,1598,1,25553,0,0,0,0,0
2058004,1598,1,4498,0,0,0,0,0
2058004,1598,1,4501,0,0,0,0,0
2058004,1598,1,3353,0,0,0,0,0
2058004,1598,1,3840,0,0,0,0,0
2058004,1598,1,70129,0,0,0,0,0
2058002,9905,2,70403,1,0,0,0,0
2058002,9905,2,237034,1,0,0,0,0
2058002,9905,2,70965,1,0,0,0,0
2058002,9905,2,265673,1,0,0,0,0
2058002,9905,2,37762,1,0,0,0,0
2058002,9905,2,70381,1,0,0,0,0
2058002,9905,2,3322,1,0,0,93,0
2058002,9905,2,8126,1,0,0,0,0
2058002,9905,2,28907,1,0,0,0,0
2058002,9905,2,70134,1,0,0,0,0
2058002,9905,2,3305,1,1,0,0,0
2058002,9905,2,25382,0,0,0,0,0
2058002,9905,2,83876,0,0,0,0,0
2058002,9905,2,243588,0,0,0,0,0
2058002,9905,2,258154,0,0,0,0,0
2058002,9905,2,22107,0,0,0,0,0
2058002,9905,2,70093,0,0,0,0,0
2058002,9905,2,70389,0,0,0,0,0
2058002,9905,2,101558,0,0,0,0,0
2058002,9905,2,227059,0,0,0,0,0
2058002,9905,2,32599,0,0,0,0,0
2058002,9905,2,135927,0,0,0,0,0
2058002,9905,2,32597,0,0,0,0,0
2058002,15670,1,361807,1,0,0,0,0
2058002,15670,1,21174,1,2,0,0,0
2058002,15670,1,299618,1,0,0,0,0
2058002,15670,1,333571,1,0,0,0,0
2058002,15670,1,32641,1,0,0,0,0
2058002,15670,1,116269,1,0,0,0,0
2058002,15670,1,227894,1,0,0,0,0
2058002,15670,1,20460,1,0,0,0,0
2058002,15670,1,3433,1,0,0,0,0
2058002,15670,1,116349,1,0,0,0,0
2058002,15670,1,7972,1,0,0,0,0
2058002,15670,1,395636,0,0,0,0,0
2058002,15670,1,116259,0,0,0,0,0
2058002,15670,1,70379,0,0,0,0,0
2058002,15670,1,7954,0,0,0,0,0
2058002,15670,1,113995,0,0,0,0,0
2058002,15670,1,213364,0,0,0,0,0
2058002,15670,1,116166,0,0,0,0,0
2058002,15670,1,70116,0,0,0,0,0
2058002,15670,1,116623,0,0,0,0,0
2058002,15670,1,3714,0,0,0,0,0
2058002,15670,1,70095,0,0,0,0,0
2058002,15670,1,86340,0,0,0,0,0
2058003,12274,2,101652,1,0,0,11,0
2058003,12274,2,86234,1,0,0,0,0
2058003,12274,2,285396,1,0,0,0,0
2058003,12274,2,90991,1,0,0,0,0
2058003,12274,2,70086,1,0,0,93,0
2058003,12274,2,3355,1,0,0,43,0
2058003,12274,2,3359,1,0,0,0,0
2058003,12274,2,3280,1,0,0,49,0
2058003,12274,2,3314,1,1,0,0,0
2058003,12274,2,86722,1,0,0,19,0
2058003,12274,2,86220,1,1,0,0,0
2058003,12274,2,3551,0,0,0,0,0
2058003,12274,2,89073,0,0,0,0,0
2058003,12274,2,86537,0,0,0,0,0
2058003,12274,2,89186,0,0,0,0,0
2058003,12274,2,3323,0,0,0,0,0
2058003,12274,2,3445,0,0,0,0,0
2058003,12274,2,37732,0,0,0,0,0
2058003,12274,2,356237,0,0,0,0,0
2058003,12274,2,101742,0,0,0,0,0
2058003,12274,2,3463,0,0,0,0,0
2058003,12274,2,146459,0,0,0,0,0
2058003,12274,2,8325,0,1,0,0,0
2058003,4418,1,25437,1,0,0,72,0
2058003,4418,1,3682,1,1,0,0,0
2058003,4418,1,353833,1,2,0,0,0
2058003,4418,1,3309,1,0,0,0,0
2058003,4418,1,7936,1,0,0,0,0
2058003,4418,1,26010,1,0,0,93,0
2058003,4418,1,340646,1,1,0,72,0
2058003,4418,1,25397,1,0,0,0,0
2058003,4418,1,31528,1,0,0,0,0
2058003,4418,1,279545,1,0,0,0,0
2058003,4418,1,25381,1,0,0,0,0
2058003,4418,1,25418,0,0,0,0,0
2058003,4418,1,26196,0,0,0,0,0
2058003,4418,1,25552,0,0,0,0,0
2058003,4418,1,3276,0,0,0,0,0
2058003,4418,1,28922,0,0,0,0,0
2058003,4418,1,286390,0,0,0,0,0
2058003,4418,1,231138,0,0,0,0,0
2058003,4418,1,8200,0,0,0,0,0
2058003,4418,1,26136,0,0,0,0,0
2058003,4418,1,209091,0,0,0,0,0
2058003,4418,1,25770,0,0,0,0,0
2058003,4418,1,28115,0,0,0,0,0
2057994,2413,1,9380,1,0,0,0,0
2057994,2413,1,346101,1,0,0,0,0
2057994,2413,1,7918,1,0,0,0,0
2057994,2413,1,210044,1,0,0,0,0
2057994,2413,1,8464,1,0,0,0,0
2057994,2413,1,397178,1,0,0,0,0
2057994,2413,1,10131,1,0,0,0,0
2057994,2413,1,8292,1,0,0,0,0
2057994,2413,1,235555,1,0,0,0,0
2057994,2413,1,7887,1,0,0,0,0
2057994,2413,1,12829,1,0,0,0,0
2057994,2413,1,8945,0,0,0,0,0
2057994,2413,1,8717,0,0,0,0,0
2057994,2413,1,7964,0,0,0,0,0
2057994,2413,1,13484,0,0,0,0,0
2057994,2413,1,11066,0,0,0,0,0
2057994,2413,1,8094,0,0,0,0,0
2057994,2413,1,8277,0,0,0,0,0
2057994,2413,1,7934,0,0,0,0,0
2057994,2413,1,12242,0,0,0,0,0
2057994,2413,1,7939,0,0,0,0,0
2057994,2413,1,8653,0,0,0,0,0
2057994,2413,1,7945,0,0,0,0,0
2057994,5629,2,7860,1,0,0,0,0
2057994,5629,2,261127,1,1,0,0,0
2057994,5629,2,8034,1,0,0,0,0
2057994,5629,2,25622,1,0,0,0,0
2057994,5629,2,134702,1,0,0,33,0
2057994,5629,2,263802,1,0,0,19,0
2057994,5629,2,261,1,0,0,0,0
2057994,5629,2,11152,1,0,0,0,0
2057994,5629,2,38093,1,0,0,0,0
2057994,5629,2,8249,1,0,0,0,0
2057994,5629,2,3429,1,0,0,0,0
2057994,5629,2,134769,0,0,0,0,0
2057994,5629,2,15795,0,0,0,0,0
2057994,5629,2,36,0,0,0,0,0
2057994,5629,2,37824,0,0,0,0,0
2057994,5629,2,7905,0,0,0,0,0
2057994,5629,2,48,0,0,0,0,0
2057994,5629,2,8514,0,0,0,0,0
2057994,5629,2,25707,0,0,0,0,0
2057994,5629,2,38021,0,0,0,0,0
2057994,5629,2,70123,0,0,0,0,0
2057994,5629,2,122,0,0,0,0,0
2057994,5629,2,8307,0,0,0,0,0
2057995,17929,1,116997,1,0,0,0,0
2057995,17929,1,91263,1,0,0,0,0
2057995,17929,1,361536,1,0,0,78,0
2057995,17929,1,401861,1,0,0,0,0
2057995,17929,1,241077,1,0,0,0,0
2057995,17929,1,125774,1,0,0,0,0
2057995,17929,1,86414,1,0,0,0,0
2057995,17929,1,273683,1,0,0,0,0
2057995,17929,1,131862,1,0,0,0,0
2057995,17929,1,125848,1,0,0,0,0
2057995,17929,1,59083,1,0,0,80,0
2057995,17929,1,361511,0,0,0,0,0
2057995,17929,1,116364,0,0,0,0,0
2057995,17929,1,167241,0,0,0,0,0
2057995,17929,1,131576,0,0,0,0,0
2057995,17929,1,112679,0,0,0,0,0
2057995,17929,1,113517,0,0,0,0,0
2057995,17929,1,116293,0,0,0,0,0
2057995,17929,1,131602,0,0,0,0,0
2057995,17929,1,114864,0,0,0,96,0
2057995,16276,2,120853,1,0,0,44,0
2057995,16276,2,26100,1,0,0,0,0
2057995,16276,2,25776,1,1,0,0,0
2057995,16276,2,209354,1,1,0,0,0
2057995,16276,2,120900,1,0,0,0,0
2057995,16276,2,246946,1,0,0,0,0
2057995,16276,2,354043,1,0,0,93,0
2057995,16276,2,120898,1,0,0,0,0
2057995,16276,2,293080,1,0,0,0,0
2057995,16276,2,120717,1,0,0,0,0
2057995,16276,2,331763,1,0,1,0,0
2057995,16276,2,275243,0,0,0,0,0
2057995,16276,2,354041,0,0,0,0,0
2057995,16276,2,26668,0,0,0,0,0
2057995,16276,2,120839,0,0,0,0,0
2057995,16276,2,21333,0,0,0,0,0
2057995,16276,2,408827,0,0,0,0,0
2057995,16276,2,28094,0,0,0,71,0
2057995,16276,2,293128,0,0,0,0,0
2058000,12913,1,14763,1,0,0,0,0
2058000,12913,1,14730,1,0,0,0,0
2058000,12913,1,94764,1,0,0,0,0
2058000,12913,1,94828,1,0,0,0,0
2058000,12913,1,94630,1,0,0,66,0
2058000,12913,1,37896,1,0,0,0,0
2058000,12913,1,14749,1,0,0,0,0
2058000,12913,1,95010,1,0,0,0,0
2058000,12913,1,94695,1,0,0,0,0
2058000,12913,1,703,1,0,0,0,0
2058000,12913,1,20517,1,0,0,0,0
2058000,12913,1,95108,0,0,0,0,0
2058000,12913,1,94650,0,0,0,0,0
2058000,12913,1,137653,0,0,0,0,0
2058000,12913,1,137661,0,0,0,0,0
2058000,12913,1,101592,0,0,0,0,0
2058000,12913,1,94814,0,0,0,0,0
2058000,12913,1,95349,0,0,0,0,0
2058000,12913,1,94922,0,0,0,0,0
2058000,12913,1,14816,0,0,0,0,0
2058000,12913,1,14836,0,0,0,0,0
2058000,12913,1,94831,0,0,0,0,0
2058000,12913,1,14929,0,0,0,0,0
2058000,13869,2,225324,1,0,0,0,0
2058000,13869,2,99902,1,0,0,0,0
2058000,13869,2,25537,1,0,0,0,0
2058000,13869,2,99381,1,0,0,0,0
2058000,13869,2,33032,1,0,0,0,0
2058000,13869,2,21097,1,0,0,0,0
2058000,13869,2,14817,1,0,0,0,0
2058000,13869,2,7847,1,0,0,0,0
2058000,13869,2,99833,1,0,0,0,0
2058000,13869,2,100140,1,0,0,0,0
2058000,13869,2,240032,1,1,0,0,0
2058000,13869,2,240042,0,0,0,0,0
2058000,13869,2,99438,0,0,0,0,0
2058000,13869,2,99452,0,0,0,0,0
2058000,13869,2,14798,0,0,0,0,0
2058000,13869,2,8121,0,0,0,0,0
2058000,13869,2,14804,0,0,0,0,0
2058000,13869,2,138174,0,0,0,0,0
2058000,13869,2,99391,0,0,0,0,0
2058000,13869,2,7849,0,0,0,0,0
2058000,13869,2,99479,0,0,0,0,0
2058000,13869,2,15282,0,0,0,0,0
2058001,19314,1,28529,1,0,0,0,0
2058001,19314,1,256480,1,0,0,0,0
2058001,19314,1,25898,1,0,0,51,0
2058001,19314,1,26115,1,0,0,0,0
2058001,19314,1,25726,1,0,0,0,0
2058001,19314,1,448079,1,0,0,0,0
2058001,19314,1,37725,1,0,0,0,0
2058001,19314,1,25747,1,0,0,0,0
2058001,19314,1,25706,1,0,0,0,0
2058001,19314,1,26022,1,0,0,0,0
2058001,19314,1,133897,1,0,0,0,0
2058001,19314,1,15054,0,0,0,0,0
2058001,19314,1,215281,0,0,0,0,0
2058001,19314,1,207164,0,0,0,0,0
2058001,19314,1,21098,0,0,0,0,0
2058001,19314,1,25633,0,0,0,0,0
2058001,19314,1,54315,0,0,0,0,0
2058001,19314,1,32544,0,0,0,0,0
2058001,19314,1,27412,0,0,0,0,0
2058001,19314,1,32793,0,0,0,0,0
2058001,19314,1,375348,0,0,0,0,0
2058001,19314,1,97582,0,0,0,0,0
2058001,19314,1,26610,0,0,0,0,0
2058001,12430,2,70096,1,0,0,0,0
2058001,12430,2,91502,1,0,0,0,0
2058001,12430,2,3450,1,0,0,0,0
2058001,12430,2,91019,1,0,0,0,0
2058001,12430,2,70136,1,0,0,0,0
2058001,12430,2,25662,1,0,0,0,0
2058001,12430,2,26518,1,0,0,0,0
2058001,12430,2,257762,1,0,0,0,0
2058001,12430,2,91702,1,0,0,45,0
2058001,12430,2,256634,1,1,0,0,0
2058001,12430,2,20751,1,0,0,0,0
2058001,12430,2,3531,0,0,0,0,0
2058001,12430,2,90999,0,0,0,0,0
2058001,12430,2,246928,0,0,0,0,0
2058001,12430,2,91002,0,0,0,0,0
2058001,12430,2,37831,0,0,0,0,0
2058001,12430,2,91039,0,0,0,0,0
2058001,12430,2,91381,0,0,0,0,0
2058001,12430,2,91082,0,0,0,0,0
2058001,12430,2,255738,0,0,0,0,0
2058001,12430,2,20764,0,0,0,0,0
2058001,12430,2,91156,0,0,0,0,0
2057982,17322,1,20941,1,0,0,32,0
2057982,17322,1,127796,1,0,0,0,0
2057982,17322,1,128214,1,0,0,71,0
2057982,17322,1,383,1,0,0,0,0
2057982,17322,1,15214,1,0,0,0,0
2057982,17322,1,265865,1,0,0,0,0
2057982,17322,1,424241,1,0,0,0,0
2057982,17322,1,8306,1,0,0,0,0
2057982,17322,1,70122,1,0,0,48,0
2057982,17322,1,11095,1,0,0,0,0
2057982,17322,1,127671,1,0,0,0,0
2057982,17322,1,127537,0,0,0,0,0
2057982,17322,1,7891,0,0,0,0,0
2057982,17322,1,128523,0,0,0,0,0
2057982,17322,1,127530,0,0,0,0,0
2057982,17322,1,50411,0,0,0,0,0
2057982,17322,1,140064,0,0,0,0,0
2057982,17322,1,237268,0,0,0,0,0
2057982,17322,1,140046,0,0,0,0,0
2057982,17322,1,127560,0,0,0,0,0
2057982,17322,1,258264,0,0,0,0,0
2057982,17322,1,140085,0,0,0,0,0
2057982,17322,1,237274,0,0,0,0,0
2057982,6380,2,3310,1,0,0,0,0
2057982,6380,2,40550,1,1,0,0,0
2057982,6380,2,3802,1,0,0,0,0
2057982,6380,2,40756,1,0,0,0,0
2057982,6380,2,40810,1,0,0,0,0
2057982,6380,2,3431,1,0,0,0,0
2057982,6380,2,105333,1,0,0,0,0
2057982,6380,2,40707,1,0,0,0,0
2057982,6380,2,20394,1,1,0,0,0
2057982,6380,2,340386,1,0,0,0,0
2057982,6380,2,214220,1,0,0,0,0
2057982,6380,2,15808,0,0,0,0,0
2057982,6380,2,105802,0,0,0,0,0
2057982,6380,2,40539,0,0,0,0,0
2057982,6380,2,40536,0,0,0,0,0
2057982,6380,2,15272,0,0,0,0,0
2057982,6380,2,71654,0,0,0,0,0
2057982,6380,2,40335,0,0,0,0,0
2057982,6380,2,14785,0,0,0,0,0
2057982,6380,2,3434,0,0,0,0,0
2057982,6380,2,105339,0,0,0,0,0
2057983,16871,2,125273,1,0,0,0,0
2057983,16871,2,125286,1,0,0,0,0
2057983,16871,2,11155,1,0,0,0,0
2057983,16871,2,125284,1,0,0,0,0
2057983,16871,2,3915,1,0,0,0,0
2057983,16871,2,55982,1,0,0,0,0
2057983,16871,2,51004,1,0,0,0,0
2057983,16871,2,125575,1,1,0,89,0
2057983,16871,2,26038,1,0,0,29,0
2057983,16871,2,125260,1,0,0,0,0
2057983,16871,2,55977,1,0,0,11,0
2057983,16871,2,125512,0,0,0,0,0
2057983,16871,2,125287,0,0,0,0,0
2057983,16871,2,125510,0,0,0,0,0
2057983,16871,2,125452,0,0,0,0,0
2057983,16871,2,125250,0,0,0,0,0
2057983,16871,2,55988,0,0,0,0,0
2057983,16871,2,125282,0,0,0,0,0
2057983,16871,2,101796,0,0,0,0,0
2057983,16871,2,125268,0,0,0,0,0
2057983,16871,2,373441,0,0,0,0,0
2057983,16871,2,59126,0,0,0,0,0
2057983,16871,2,32706,0,0,0,0,0
2057983,6697,1,20938,1,0,0,0,0
2057983,6697,1,15199,1,0,0,0,0
2057983,6697,1,49872,1,0,0,0,0
2057983,6697,1,20465,1,0,0,37,0
2057983,6697,1,297957,1,0,0,0,0
2057983,6697,1,14922,1,0,0,0,0
2057983,6697,1,49855,1,0,1,0,0
2057983,6697,1,282772,1,0,0,0,0
2057983,6697,1,50102,1,0,0,83,0
2057983,6697,1,21169,1,1,0,0,0
2057983,6697,1,49876,1,0,0,0,0
2057983,6697,1,49883,0,0,0,0,0
2057983,6697,1,20766,0,0,0,0,0
2057983,6697,1,49968,0,0,0,0,0
2057983,6697,1,49991,0,0,0,0,0
2057983,6697,1,49919,0,0,0,0,0
2057983,6697,1,20591,0,0,0,0,0
2057983,6697,1,7850,0,0,0,0,0
2057983,6697,1,236528,0,0,0,0,0
2057983,6697,1,360992,0,0,0,75,0
2057983,6697,1,50023,0,1,0,0,0
2057983,6697,1,49977,0,0,0,0,0
2057989,15473,1,336178,1,0,0,1,0
2057989,15473,1,3384,1,0,0,0,0
2057989,15473,1,112366,1,0,0,85,0
2057989,15473,1,3685,1,0,0,0,0
2057989,15473,1,3795,1,0,0,60,0
2057989,15473,1,295156,1,0,0,0,0
2057989,15473,1,112459,1,0,0,0,0
2057989,15473,1,25816,1,0,0,0,0
2057989,15473,1,7941,1,0,0,0,0
2057989,15473,1,448210,1,0,1,0,0
2057989,15473,1,255387,1,0,0,0,0
2057989,15473,1,112777,0,0,0,0,0
2057989,15473,1,112813,0,0,0,0,0
2057989,15473,1,3349,0,0,0,0,0
2057989,15473,1,112392,0,0,0,0,0
2057989,15473,1,112556,0,0,0,0,0
2057989,15473,1,112542,0,0,0,0,0
2057989,15473,1,59003,0,0,0,0,0
2057989,15473,1,8297,0,0,0,0,0
2057989,15473,1,284267,0,0,0,0,0
2057989,15473,1,112522,0,0,0,0,0
2057989,15473,1,112253,0,0,0,0,0
2057989,15473,1,112710,0,0,0,0,0
2057989,7047,2,8529,1,0,0,25,0
2057989,7047,2,14908,1,0,0,0,0
2057989,7047,2,20876,1,0,0,0,0
2057989,7047,2,61949,1,0,0,88,0
2057989,7047,2,50798,1,0,0,0,0
2057989,7047,2,71703,1,0,0,0,0
2057989,7047,2,51144,1,0,0,0,0
2057989,7047,2,123,1,0,0,0,0
2057989,7047,2,21275,1,1,0,0,0
2057989,7047,2,51217,1,1,0,0,0
2057989,7047,2,51132,1,0,0,0,0
2057989,7047,2,50771,0,0,0,0,0
2057989,7047,2,149151,0,0,0,0,0
2057989,7047,2,51064,0,0,0,0,0
2057989,7047,2,8192,0,0,0,0,0
2057989,7047,2,50806,0,0,0,0,0
2057989,7047,2,50805,0,0,0,0,0
2057989,7047,2,51151,0,0,0,0,0
2057989,7047,2,151,0,0,0,0,0
2057989,7047,2,50812,0,0,0,0,0
2057989,7047,2,32798,0,0,0,0,0
2057989,7047,2,51262,0,0,0,0,0
2057989,7047,2,51145,0,0,0,0,0
2057988,3148,2,3318,1,0,0,0,0
2057988,3148,2,134387,1,0,0,0,0
2057988,3148,2,18669,1,0,0,0,0
2057988,3148,2,15024,1,0,0,0,0
2057988,3148,2,173214,1,0,0,0,0
2057988,3148,2,134383,1,0,0,0,0
2057988,3148,2,224593,1,0,0,0,0
2057988,3148,2,14712,1,0,0,0,0
2057988,3148,2,3319,1,0,0,0,0
2057988,3148,2,14795,1,0,0,0,0
2057988,3148,2,14723,1,0,0,0,0
2057988,3148,2,15811,0,0,0,0,0
2057988,3148,2,14991,0,0,0,0,0
2057988,3148,2,14862,0,0,0,0,0
2057988,3148,2,15008,0,0,0,0,0
2057988,3148,2,15125,0,0,0,0,0
2057988,3148,2,15062,0,0,0,0,0
2057988,3148,2,14808,0,0,0,0,0
2057988,3148,2,14748,0,0,0,0,0
2057988,3148,2,14732,0,0,0,0,0
2057988,3148,2,14731,0,0,0,0,0
2057988,3148,2,146583,0,0,0,0,0
2057988,14855,1,15781,1,0,0,0,0
2057988,14855,1,51625,1,0,0,48,0
2057988,14855,1,107424,1,0,0,0,0
2057988,14855,1,107413,1,0,0,0,0
2057988,14855,1,95200,1,1,0,0,0
2057988,14855,1,138633,1,0,0,0,0
2057988,14855,1,14911,1,1,0,65,0
2057988,14855,1,107529,1,0,0,0,0
2057988,14855,1,256043,1,0,0,0,0
2057988,14855,1,95490,1,0,0,9,0
2057988,14855,1,299121,1,0,0,23,0
2057988,14855,1,95299,0,0,0,0,0
2057988,14855,1,61962,0,0,0,0,0
2057988,14855,1,49862,0,0,0,0,0
2057988,14855,1,107523,0,0,0,0,0
2057988,14855,1,403546,0,0,0,0,0
2057988,14855,1,94987,0,0,0,0,0
2057988,14855,1,107651,0,0,0,0,0
2057988,14855,1,107548,0,0,0,0,0
2057988,14855,1,373054,0,0,0,0,0
2057988,14855,1,349687,0,0,0,0,0
2057988,14855,1,107623,0,0,0,0,0
2057988,14855,1,209567,0,0,0,0,0
2057976,16823,1,285508,1,0,0,0,0
2057976,16823,1,424624,1,0,0,0,0
2057976,16823,1,16443,1,0,0,32,0
2057976,16823,1,8625,1,1,0,0,0
2057976,16823,1,209792,1,0,0,0,0
2057976,16823,1,12,1,0,0,0,0
2057976,16823,1,285491,1,0,0,0,0
2057976,16823,1,265366,1,0,0,0,0
2057976,16823,1,7898,1,0,0,91,0
2057976,16823,1,11093,1,0,0,0,0
2057976,16823,1,101606,1,0,0,0,0
2057976,16823,1,70292,0,0,0,0,0
2057976,16823,1,364772,0,0,0,0,0
2057976,16823,1,70168,0,0,0,0,0
2057976,16823,1,125205,0,0,0,0,0
2057976,16823,1,332821,0,0,0,0,0
2057976,16823,1,139548,0,0,0,0,0
2057976,16823,1,265368,0,0,0,0,0
2057976,16823,1,125207,0,0,0,0,0
2057976,16823,1,20525,0,0,0,0,0
2057976,16823,1,5295,0,0,0,0,0
2057976,16823,1,72397,0,0,0,0,0
2057976,16823,1,230020,0,0,0,0,0
2057976,12274,2,86234,1,0,0,0,0
2057976,12274,2,3314,1,0,0,0,0
2057976,12274,2,86722,1,0,0,0,0
2057976,12274,2,101652,1,1,0,0,0
2057976,12274,2,90991,1,0,0,0,0
2057976,12274,2,70086,1,0,0,0,0
2057976,12274,2,3355,1,0,0,49,0
2057976,12274,2,3359,1,1,0,94,0
2057976,12274,2,3280,1,0,0,64,0
2057976,12274,2,3323,1,0,0,0,0
2057976,12274,2,86220,1,0,0,0,0
2057976,12274,2,3551,0,0,0,0,0
2057976,12274,2,89073,0,0,0,0,0
2057976,12274,2,3463,0,0,0,0,0
2057976,12274,2,86537,0,0,0,0,0
2057976,12274,2,89186,0,0,0,0,0
2057976,12274,2,3445,0,0,0,0,0
2057976,12274,2,37732,0,0,0,0,0
2057976,12274,2,356237,0,0,0,0,0
2057976,12274,2,101742,0,0,0,0,0
2057976,12274,2,146459,0,0,0,0,0
2057976,12274,2,8325,0,0,0,0,0
2057976,12274,2,285396,0,0,0,0,0
2057977,7839,1,55983,1,0,0,0,0
2057977,7839,1,37948,1,0,0,64,0
2057977,7839,1,21314,1,0,0,59,0
2057977,7839,1,77521,1,0,0,0,0
2057977,7839,1,77558,1,1,0,0,0
2057977,7839,1,135207,1,0,0,0,0
2057977,7839,1,38084,1,0,0,0,0
2057977,7839,1,93,1,0,0,0,0
2057977,7839,1,57226,1,0,0,0,0
2057977,7839,1,57347,1,0,0,0,0
2057977,7839,1,54451,1,0,0,84,0
2057977,7839,1,135174,0,0,0,0,0
2057977,7839,1,38241,0,0,0,0,0
2057977,7839,1,14826,0,0,0,0,0
2057977,7839,1,62221,0,0,0,0,0
2057977,7839,1,240906,0,0,0,0,0
2057977,7839,1,56146,0,0,0,0,0
2057977,7839,1,233276,0,0,0,0,0
2057977,7839,1,51127,0,0,0,0,0
2057977,7839,1,57480,0,0,0,0,0
2057977,7839,1,54495,0,0,0,0,0
2057977,7839,1,216568,0,0,0,0,0
2057977,9598,2,8287,1,0,0,0,0
2057977,9598,2,135810,1,0,0,14,0
2057977,9598,2,69404,1,0,0,0,0
2057977,9598,2,69964,1,0,0,0,0
2057977,9598,2,69411,1,0,0,0,0
2057977,9598,2,69353,1,0,0,0,0
2057977,9598,2,212604,1,0,0,83,0
2057977,9598,2,69400,1,1,0,0,0
2057977,9598,2,230626,1,0,0,0,0
2057977,9598,2,14812,1,1,0,0,0
2057977,9598,2,14771,1,0,0,0,0
2057977,9598,2,69409,0,0,0,0,0
2057977,9598,2,135747,0,0,0,0,0
2057977,9598,2,14943,0,0,0,0,0
2057977,9598,2,105361,0,0,0,0,0
2057977,9598,2,69396,0,0,0,0,0
2057977,9598,2,69968,0,0,0,0,0
2057977,9598,2,135784,0,0,0,0,0
2057977,9598,2,69616,0,0,0,0,0
2057977,9598,2,25393,0,0,0,0,0
2057977,9598,2,3476,0,0,0,0,0
2057977,9598,2,231713,0,0,0,0,0
2057971,8493,1,69978,1,0,0,0,0
2057971,8493,1,16151,1,0,0,0,0
2057971,8493,1,61407,1,0,0,66,0
2057971,8493,1,62389,1,0,0,0,0
2057971,8493,1,61651,1,0,0,0,0
2057971,8493,1,15020,1,0,0,0,0
2057971,8493,1,61390,1,0,0,0,0
2057971,8493,1,61395,1,0,0,0,0
2057971,8493,1,8410,1,0,0,10,0
2057971,8493,1,61425,1,0,0,88,0
2057971,8493,1,61367,1,0,0,0,0
2057971,8493,1,61554,0,0,0,0,0
2057971,8493,1,61492,0,0,0,0,0
2057971,8493,1,7947,0,0,0,0,0
2057971,8493,1,135425,0,0,0,0,0
2057971,8493,1,61360,0,0,0,0,0
2057971,8493,1,238055,0,0,0,0,0
2057971,8493,1,10214,0,0,0,0,0
2057971,8493,1,8286,0,0,0,0,0
2057971,8493,1,266442,0,0,0,0,0
2057971,8493,1,62743,0,0,0,0,0
2057971,8493,1,8247,0,0,0,0,0
2057971,8493,1,403613,0,0,0,60,0
2057971,15594,2,114723,1,0,0,45,0
2057971,15594,2,139075,1,0,0,0,0
2057971,15594,2,70156,1,1,0,0,0
2057971,15594,2,115146,1,0,0,0,0
2057971,15594,2,115353,1,0,0,0,0
2057971,15594,2,114813,1,0,0,0,0
2057971,15594,2,114798,1,0,0,0,0
2057971,15594,2,114709,1,0,0,0,0
2057971,15594,2,114617,1,0,0,0,0
2057971,15594,2,14909,1,1,0,0,0
2057971,15594,2,114762,1,0,0,0,0
2057971,15594,2,114803,0,0,0,0,0
2057971,15594,2,89571,0,0,0,0,0
2057971,15594,2,325910,0,0,0,0,0
2057971,15594,2,114736,0,0,0,0,0
2057971,15594,2,114567,0,0,0,0,0
2057971,15594,2,114908,0,0,0,0,0
2057971,15594,2,114764,0,0,0,0,0
2057971,15594,2,70144,0,0,0,0,0
2057971,15594,2,114624,0,0,0,79,0
2057971,15594,2,139078,0,0,0,0,0
2057971,15594,2,139080,0,0,0,0,0
2057970,7712,1,241945,1,0,0,0,0
2057970,7712,1,135150,1,0,0,0,0
2057970,7712,1,56394,1,0,0,0,0
2057970,7712,1,8480,1,0,0,0,0
2057970,7712,1,135103,1,0,0,0,0
2057970,7712,1,54,1,0,0,0,0
2057970,7712,1,55979,1,0,0,45,0
2057970,7712,1,55968,1,0,0,0,0
2057970,7712,1,20433,1,0,0,0,0
2057970,7712,1,56026,1,0,0,0,0
2057970,7712,1,55990,1,0,0,0,0
2057970,7712,1,55957,0,0,0,0,0
2057970,7712,1,15806,0,0,0,0,0
2057970,7712,1,56025,0,0,0,0,0
2057970,7712,1,56454,0,0,0,0,0
2057970,7712,1,56038,0,0,0,0,0
2057970,7712,1,14744,0,0,0,0,0
2057970,7712,1,405,0,0,0,0,0
2057970,7712,1,15080,0,0,0,0,0
2057970,7712,1,56441,0,0,0,0,0
2057970,7712,1,281254,0,0,0,0,0
2057970,7712,1,1722,0,0,0,0,0
2057970,4418,2,279545,1,0,0,0,0
2057970,4418,2,3682,1,0,0,0,0
2057970,4418,2,286390,1,0,0,0,0
2057970,4418,2,3309,1,0,0,0,0
2057970,4418,2,26196,1,0,0,0,0
2057970,4418,2,25552,1,0,0,0,0
2057970,4418,2,28922,1,0,0,0,0
2057970,4418,2,26010,1,0,0,0,0
2057970,4418,2,231138,1,0,0,0,0
2057970,4418,2,8200,1,0,0,0,0
2057970,4418,2,31528,1,0,0,0,0
2057970,4418,2,25418,0,0,0,0,0
2057970,4418,2,7936,0,0,0,0,0
2057970,4418,2,209091,0,0,0,0,0
2057970,4418,2,3276,0,0,0,0,0
2057970,4418,2,25770,0,0,0,0,0
2057970,4418,2,340646,0,0,0,0,0
2057970,4418,2,25397,0,0,0,0,0
2057970,4418,2,25437,0,0,0,0,0
2057970,4418,2,25381,0,0,0,0,0
2057970,4418,2,353833,0,0,0,0,0
2057970,4418,2,26136,0,0,0,0,0
2057970,4418,2,28115,0,0,0,0,0
2057965,16216,2,25998,1,0,0,0,0
2057965,16216,2,29625,1,1,0,0,0
2057965,16216,2,221039,1,0,0,0,0
2057965,16216,2,101620,1,0,0,31,0
2057965,16216,2,101846,1,0,0,31,0
2057965,16216,2,149074,1,0,0,0,0
2057965,16216,2,26226,1,0,0,0,0
2057965,16216,2,6509,1,0,0,89,0
2057965,16216,2,142,1,0,0,21,0
2057965,16216,2,396475,1,0,0,94,0
2057965,16216,2,32968,1,0,0,29,0
2057965,16216,2,426702,0,0,0,0,0
2057965,16216,2,285590,0,0,0,0,0
2057965,16216,2,552555,0,0,0,0,0
2057965,16216,2,372915,0,0,0,0,0
2057965,16216,2,101847,0,0,0,0,0
2057965,16216,2,20579,0,0,0,0,0
2057965,16216,2,120631,0,0,0,0,0
2057965,16216,2,447821,0,1,0,0,0
2057965,16216,2,15727,0,0,0,0,0
2057965,16216,2,25888,0,0,0,0,0
2057965,1598,1,4338,1,0,0,0,0
2057965,1598,1,3345,1,0,0,0,0
2057965,1598,1,8317,1,0,0,0,0
2057965,1598,1,7910,1,0,0,0,0
2057965,1598,1,4501,1,0,0,0,0
2057965,1598,1,3306,1,0,0,0,0
2057965,1598,1,3353,1,0,0,0,0
2057965,1598,1,3346,1,0,0,0,0
2057965,1598,1,3341,1,0,0,0,0
2057965,1598,1,3269,1,0,0,0,0
2057965,1598,1,3563,1,1,0,0,0
2057965,1598,1,3397,0,0,0,0,0
2057965,1598,1,3304,0,0,0,0,0
2057965,1598,1,3443,0,0,0,0,0
2057965,1598,1,7949,0,0,0,0,0
2057965,1598,1,4488,0,0,0,0,0
2057965,1598,1,3560,0,0,0,0,0
2057965,1598,1,278289,0,0,0,0,0
2057965,1598,1,25553,0,0,0,0,0
2057965,1598,1,4498,0,0,0,0,0
2057965,1598,1,288091,0,0,0,0,0
2057965,1598,1,3840,0,1,0,0,0
2057965,1598,1,70129,0,0,0,0,0
2057964,10840,1,79248,1,0,0,52,0
2057964,10840,1,79381,1,0,0,0,0
2057964,10840,1,241647,1,0,0,0,0
2057964,10840,1,285538,1,0,0,0,0
2057964,10840,1,79098,1,0,0,0,0
2057964,10840,1,78991,1,0,0,0,0
2057964,10840,1,79449,1,0,0,0,0
2057964,10840,1,79320,1,0,0,0,0
2057964,10840,1,237836,1,0,0,0,0
2057964,10840,1,79006,1,0,0,54,0
2057964,10840,1,238031,1,0,0,0,0
2057964,10840,1,79115,0,0,0,0,0
2057964,10840,1,79658,0,0,0,0,0
2057964,10840,1,79038,0,0,0,0,0
2057964,10840,1,14939,0,0,0,0,0
2057964,10840,1,264476,0,0,0,0,0
2057964,10840,1,60144,0,0,0,0,0
2057964,10840,1,38064,0,0,0,0,0
2057964,10840,1,3509,0,0,0,0,0
2057964,10840,1,79149,0,1,0,0,0
2057964,10840,1,333803,0,0,0,0,0
2057964,10840,1,53562,0,0,0,0,0
2057964,9905,2,32597,1,1,0,64,0
2057964,9905,2,70965,1,0,0,0,0
2057964,9905,2,37762,1,0,0,0,0
2057964,9905,2,3322,1,0,0,83,0
2057964,9905,2,8126,1,0,0,0,0
2057964,9905,2,28907,1,0,0,33,0
2057964,9905,2,70134,1,0,0,0,0
2057964,9905,2,70403,1,0,0,0,0
2057964,9905,2,70389,1,0,0,98,0
2057964,9905,2,3305,1,0,0,0,0
2057964,9905,2,135927,1,0,0,0,0
2057964,9905,2,32599,0,0,0,0,0
2057964,9905,2,25382,0,0,0,0,0
2057964,9905,2,70381,0,0,0,0,0
2057964,9905,2,83876,0,0,0,0,0
2057964,9905,2,243588,0,0,0,0,0
2057964,9905,2,258154,0,0,0,0,0
2057964,9905,2,22107,0,0,0,0,0
2057964,9905,2,101558,0,0,0,0,0
2057964,9905,2,227059,0,0,0,0,0
2057964,9905,2,265673,0,0,0,0,0
2057964,9905,2,237034,0,0,0,0,0
2057964,9905,2,70093,0,0,0,0,0
2057959,16521,1,122615,1,0,0,0,0
2057959,16521,1,122623,1,0,0,0,0
2057959,16521,1,122918,1,0,0,0,0
2057959,16521,1,122847,1,1,0,0,0
2057959,16521,1,122839,1,0,0,0,0
2057959,16521,1,122562,1,0,0,0,0
2057959,16521,1,292954,1,0,0,0,0
2057959,16521,1,122832,1,1,0,0,0
2057959,16521,1,122940,1,0,0,0,0
2057959,16521,1,139393,1,0,0,0,0
2057959,16521,1,139391,1,0,0,0,0
2057959,16521,1,487023,0,0,0,0,0
2057959,16521,1,122568,0,0,0,0,0
2057959,16521,1,284147,0,0,0,0,0
2057959,16521,1,122671,0,0,0,0,0
2057959,16521,1,122696,0,0,0,0,0
2057959,16521,1,248328,0,0,0,0,0
2057959,16521,1,122561,0,0,0,0,0
2057959,16521,1,122888,0,0,0,0,0
2057959,16521,1,122749,0,0,0,0,0
2057959,16129,2,120167,1,0,0,0,0
2057959,16129,2,120225,1,0,0,0,0
2057959,16129,2,220112,1,0,0,0,0
2057959,16129,2,119951,1,0,0,0,0
2057959,16129,2,119975,1,0,0,0,0
2057959,16129,2,198120,1,0,0,45,0
2057959,16129,2,120156,1,0,0,86,0
2057959,16129,2,120269,1,0,0,0,0
2057959,16129,2,120339,1,0,0,0,0
2057959,16129,2,120353,1,1,0,0,0
2057959,16129,2,437417,1,0,0,0,0
2057959,16129,2,120000,0,0,0,0,0
2057959,16129,2,120446,0,0,0,0,0
2057959,16129,2,120042,0,0,0,0,0
2057959,16129,2,119981,0,0,0,0,0
2057959,16129,2,8525,0,0,0,0,0
2057959,16129,2,296484,0,0,0,0,0
2057959,16129,2,120151,0,0,0,0,0
2057959,16129,2,11270,0,0,0,0,0
2057959,16129,2,388928,0,0,0,0,0
2057959,16129,2,119932,0,0,0,0,0
2057959,16129,2,332605,0,0,0,0,0
2057958,14358,2,4513,1,0,1,0,0
2057958,14358,2,102157,1,0,0,9,0
2057958,14358,2,262048,1,0,0,0,0
2057958,14358,2,103668,1,0,0,0,0
2057958,14358,2,101825,1,0,0,28,36
2057958,14358,2,101699,1,0,0,0,0
2057958,14358,2,101669,1,0,0,0,0
2057958,14358,2,103682,1,0,0,0,0
2057958,14358,2,101647,1,0,0,0,0
2057958,14358,2,101576,1,0,0,0,0
2057958,14358,2,101583,1,0,0,0,0
2057958,14358,2,101834,0,0,0,0,0
2057958,14358,2,101682,0,0,0,0,0
2057958,14358,2,101971,0,0,0,0,0
2057958,14358,2,101953,0,0,0,0,0
2057958,14358,2,257800,0,0,0,0,0
2057958,14358,2,101857,0,0,0,0,0
2057958,14358,2,288708,0,0,0,0,0
2057958,14358,2,102629,0,0,0,0,0
2057958,14358,2,220971,0,0,0,0,0
2057958,14358,2,101707,0,0,0,0,0
2057958,14358,2,41123,0,0,0,0,0
2057958,15670,1,361807,1,0,0,59,0
2057958,15670,1,299618,1,0,0,0,0
2057958,15670,1,333571,1,0,0,0,0
2057958,15670,1,7954,1,0,0,0,0
2057958,15670,1,32641,1,0,0,0,0
2057958,15670,1,116269,1,0,0,0,0
2057958,15670,1,20460,1,0,0,0,0
2057958,15670,1,3433,1,0,0,0,0
2057958,15670,1,116349,1,0,0,0,0
2057958,15670,1,7972,1,1,0,0,0
2057958,15670,1,21174,1,1,0,0,0
2057958,15670,1,116259,0,0,0,0,0
2057958,15670,1,70379,0,0,0,0,0
2057958,15670,1,113995,0,0,0,0,0
2057958,15670,1,3714,0,0,0,0,0
2057958,15670,1,116166,0,0,0,0,0
2057958,15670,1,70116,0,0,0,0,0
2057958,15670,1,116623,0,0,0,0,0
2057958,15670,1,86340,0,0,0,0,0
2057958,15670,1,395636,0,0,0,0,0
2057958,15670,1,213364,0,0,0,0,0
2057958,15670,1,70095,0,0,0,0,0
2057998,13869,1,240042,1,0,0,0,0
2057998,13869,1,99833,1,0,0,0,0
2057998,13869,1,99438,1,0,0,0,0
2057998,13869,1,25537,1,0,0,0,0
2057998,13869,1,99902,1,0,0,0,0
2057998,13869,1,14817,1,0,0,0,0
2057998,13869,1,14798,1,0,0,0,0
2057998,13869,1,99391,1,0,0,0,0
2057998,13869,1,7849,1,0,0,0,0
2057998,13869,1,100140,1,0,0,85,0
2057998,13869,1,240032,1,0,0,61,0
2057998,13869,1,99661,0,0,0,0,0
2057998,13869,1,225324,0,0,0,0,0
2057998,13869,1,99381,0,0,0,0,0
2057998,13869,1,99452,0,0,0,0,0
2057998,13869,1,8121,0,0,0,0,0
2057998,13869,1,14804,0,0,0,0,0
2057998,13869,1,15282,0,0,0,0,0
2057998,13869,1,138174,0,0,0,0,0
2057998,13869,1,7847,0,0,0,0,0
2057998,13869,1,99479,0,0,0,0,0
2057998,13869,1,33032,0,0,0,0,0
2057998,13869,1,21097,0,0,0,0,0
2057998,12430,2,4814,1,0,0,0,0
2057998,12430,2,91019,1,0,0,0,0
2057998,12430,2,3450,1,1,0,0,0
2057998,12430,2,246928,1,0,0,0,0
2057998,12430,2,70136,1,0,0,0,0
2057998,12430,2,25662,1,0,0,0,0
2057998,12430,2,257762,1,0,0,0,0
2057998,12430,2,70096,1,0,0,0,0
2057998,12430,2,91702,1,0,0,0,0
2057998,12430,2,256634,1,1,0,0,0
2057998,12430,2,20751,1,1,0,0,0
2057998,12430,2,3531,0,0,0,0,0
2057998,12430,2,90999,0,0,0,0,0
2057998,12430,2,91002,0,0,0,0,0
2057998,12430,2,91039,0,0,0,0,0
2057998,12430,2,91381,0,0,0,0,0
2057998,12430,2,20764,0,0,0,0,0
2057998,12430,2,91082,0,0,0,0,0
2057998,12430,2,91156,0,0,0,0,0
2057998,12430,2,255738,0,0,0,0,0
2057998,12430,2,37831,0,0,0,0,0
2057998,12430,2,91502,0,0,0,0,0
2057999,19314,2,32793,1,0,0,0,0
2057999,19314,2,207164,1,0,0,0,0
2057999,19314,2,25898,1,0,0,59,0
2057999,19314,2,26115,1,0,0,0,0
2057999,19314,2,25726,1,0,0,0,0
2057999,19314,2,375348,1,1,0,0,0
2057999,19314,2,448079,1,0,0,0,0
2057999,19314,2,25747,1,1,0,0,0
2057999,19314,2,25706,1,0,0,0,0
2057999,19314,2,28529,1,0,0,90,0
2057999,19314,2,133897,1,0,0,0,0
2057999,19314,2,215281,0,0,0,0,0
2057999,19314,2,256480,0,0,0,0,0
2057999,19314,2,21098,0,0,0,0,0
2057999,19314,2,25633,0,0,0,0,0
2057999,19314,2,54315,0,0,0,0,0
2057999,19314,2,26022,0,0,0,0,0
2057999,19314,2,32544,0,0,0,0,0
2057999,19314,2,97582,0,0,0,0,0
2057999,19314,2,26610,0,0,0,0,0
2057999,19314,2,15054,0,0,0,0,0
2057999,19314,2,37725,0,0,0,0,0
2057999,19314,2,27412,0,0,0,91,0
2057999,12913,1,14816,1,0,0,0,0
2057999,12913,1,94650,1,0,0,0,0
2057999,12913,1,14836,1,1,0,68,0
2057999,12913,1,94828,1,0,0,0,0
2057999,12913,1,94831,1,0,0,0,0
2057999,12913,1,37896,1,0,0,0,0
2057999,12913,1,94695,1,0,0,0,0
2057999,12913,1,703,1,0,0,0,0
2057999,12913,1,94814,1,0,0,0,0
2057999,12913,1,20517,1,0,0,0,0
2057999,12913,1,14929,1,0,0,94,0
2057999,12913,1,94764,0,0,0,0,0
2057999,12913,1,94630,0,0,0,0,0
2057999,12913,1,95108,0,0,0,0,0
2057999,12913,1,14749,0,0,0,0,0
2057999,12913,1,137653,0,0,0,0,0
2057999,12913,1,137661,0,0,0,0,0
2057999,12913,1,95010,0,0,0,0,0
2057999,12913,1,95349,0,0,0,0,0
2057999,12913,1,94922,0,0,0,0,0
2057999,12913,1,14763,0,0,0,0,0
2057999,12913,1,101592,0,1,0,0,0
2057999,12913,1,14730,0,0,0,0,0
2057993,2413,1,8717,1,3,0,0,0
2057993,2413,1,7934,1,1,0,0,0
2057993,2413,1,8945,1,0,0,0,0
2057993,2413,1,9380,1,2,0,0,0
2057993,2413,1,8653,1,0,0,0,0
2057993,2413,1,7964,1,0,0,0,0
2057993,2413,1,10131,1,0,0,0,0
2057993,2413,1,11066,1,0,0,0,0
2057993,2413,1,8277,1,0,0,0,0
2057993,2413,1,235555,1,0,0,23,0
2057993,2413,1,7939,1,0,0,0,0
2057993,2413,1,7918,0,0,0,0,0
2057993,2413,1,346101,0,0,0,0,0
2057993,2413,1,210044,0,0,0,0,0
2057993,2413,1,397178,0,0,0,0,0
2057993,2413,1,7945,0,0,0,0,0
2057993,2413,1,13484,0,0,0,0,0
2057993,2413,1,8094,0,0,0,0,0
2057993,2413,1,12242,0,0,0,0,0
2057993,2413,1,7887,0,0,0,0,0
2057993,2413,1,8464,0,0,0,0,0
2057993,2413,1,8292,0,0,0,0,0
2057993,2413,1,12829,0,0,0,0,0
2057993,17929,2,86414,1,0,0,0,0
2057993,17929,2,241077,1,0,0,0,0
2057993,17929,2,59083,1,0,0,0,0
2057993,17929,2,401861,1,0,0,0,0
2057993,17929,2,86411,1,0,0,10,0
2057993,17929,2,116364,1,0,0,0,0
2057993,17929,2,361498,1,0,0,72,0
2057993,17929,2,125774,1,0,0,0,0
2057993,17929,2,273683,1,0,0,45,0
2057993,17929,2,91263,1,0,0,0,0
2057993,17929,2,113517,1,0,0,0,0
2057993,17929,2,361511,0,0,0,0,0
2057993,17929,2,116997,0,0,0,0,0
2057993,17929,2,116293,0,0,0,0,0
2057993,17929,2,241134,0,0,0,0,0
2057993,17929,2,167241,0,0,0,0,0
2057993,17929,2,131862,0,0,0,0,0
2057993,17929,2,125848,0,0,0,0,0
2057993,17929,2,114864,0,0,0,0,0
2057993,17929,2,131576,0,0,0,0,0
2057993,17929,2,361536,0,0,0,0,0
2057993,17929,2,131602,0,0,0,0,0
2057993,17929,2,112679,0,1,0,0,0
2057986,3148,1,15811,1,0,0,0,0
2057986,3148,1,14862,1,0,0,0,0
2057986,3148,1,18669,1,0,0,0,0
2057986,3148,1,14716,1,0,0,71,82
2057986,3148,1,14732,1,0,0,0,0
2057986,3148,1,15024,1,1,0,0,0
2057986,3148,1,173214,1,0,0,0,0
2057986,3148,1,224593,1,0,0,0,0
2057986,3148,1,14712,1,0,0,0,0
2057986,3148,1,14748,1,0,0,0,0
2057986,3148,1,14723,1,1,0,0,0
2057986,3148,1,14991,0,0,0,0,0
2057986,3148,1,15008,0,0,0,0,0
2057986,3148,1,15125,0,0,0,0,0
2057986,3148,1,134383,0,0,0,0,0
2057986,3148,1,134387,0,0,0,0,0
2057986,3148,1,15062,0,0,0,0,0
2057986,3148,1,3318,0,0,0,0,0
2057986,3148,1,3319,0,0,0,0,0
2057986,3148,1,14795,0,0,0,0,0
2057986,3148,1,14731,0,0,0,0,0
2057986,3148,1,146583,0,0,0,0,0
2057986,3148,1,14808,0,0,0,0,0
2057986,7047,2,51144,1,0,0,0,0
2057986,7047,2,123,1,1,0,0,0
2057986,7047,2,14908,1,0,0,0,0
2057986,7047,2,61949,1,0,0,0,0
2057986,7047,2,50798,1,0,0,0,0
2057986,7047,2,71703,1,0,0,0,0
2057986,7047,2,20876,1,0,0,52,0
2057986,7047,2,8529,1,0,0,97,0
2057986,7047,2,21275,1,0,0,0,0
2057986,7047,2,51217,1,0,0,0,0
2057986,7047,2,51132,1,0,0,0,0
2057986,7047,2,50771,0,0,0,0,0
2057986,7047,2,149151,0,0,0,0,0
2057986,7047,2,51064,0,0,0,0,0
2057986,7047,2,32798,0,0,0,0,0
2057986,7047,2,8192,0,0,0,0,0
2057986,7047,2,50806,0,0,0,0,0
2057986,7047,2,51145,0,0,0,0,0
2057986,7047,2,50805,0,0,0,0,0
2057986,7047,2,51151,0,0,0,0,0
2057986,7047,2,51262,0,0,0,0,0
2057986,7047,2,151,0,0,0,0,0
2057986,7047,2,50812,0,0,0,0,0
2057987,15473,2,3384,1,0,0,0,0
2057987,15473,2,295156,1,0,0,0,0
2057987,15473,2,3685,1,1,0,0,0
2057987,15473,2,3795,1,0,0,0,0
2057987,15473,2,336178,1,0,0,0,0
2057987,15473,2,112459,1,0,0,0,0
2057987,15473,2,112366,1,0,0,0,0
2057987,15473,2,25816,1,0,0,0,0
2057987,15473,2,7941,1,1,0,0,0
2057987,15473,2,448210,1,0,0,0,0
2057987,15473,2,255387,1,0,0,0,0
2057987,15473,2,112777,0,0,0,0,0
2057987,15473,2,112813,0,0,0,0,0
2057987,15473,2,3349,0,0,0,0,0
2057987,15473,2,112253,0,0,0,0,0
2057987,15473,2,112392,0,0,0,0,0
2057987,15473,2,112710,0,0,0,0,0
2057987,15473,2,112556,0,0,0,0,0
2057987,15473,2,112542,0,0,0,0,0
2057987,15473,2,284267,0,0,0,0,0
2057987,15473,2,112522,0,0,0,0,0
2057987,15473,2,59003,0,0,0,0,0
2057987,15473,2,8297,0,0,0,0,0
2057987,14855,1,209567,1,0,0,0,0
2057987,14855,1,51625,1,0,0,0,0
2057987,14855,1,95299,1,0,0,0,0
2057987,14855,1,61962,1,0,0,0,0
2057987,14855,1,95200,1,0,0,57,0
2057987,14855,1,138633,1,0,0,0,0
2057987,14855,1,349687,1,0,0,0,0
2057987,14855,1,14911,1,1,0,0,0
2057987,14855,1,107529,1,0,0,62,0
2057987,14855,1,256043,1,0,0,0,0
2057987,14855,1,299121,1,0,0,0,0
2057987,14855,1,107424,0,0,0,0,0
2057987,14855,1,15781,0,0,0,0,0
2057987,14855,1,107623,0,0,0,0,0
2057987,14855,1,107523,0,0,0,0,0
2057987,14855,1,94987,0,0,0,0,0
2057987,14855,1,107651,0,0,0,0,0
2057987,14855,1,107548,0,0,0,0,0
2057987,14855,1,373054,0,0,0,0,0
2057987,14855,1,107413,0,0,0,0,0
2057987,14855,1,403546,0,0,0,71,0
2057987,14855,1,95490,0,0,0,79,0
2057992,16276,2,295747,1,1,0,0,0
2057992,16276,2,10014,1,0,0,0,0
2057992,16276,2,120853,1,0,0,14,0
2057992,16276,2,25776,1,1,0,0,0
2057992,16276,2,275243,1,0,0,0,0
2057992,16276,2,209354,1,0,0,0,0
2057992,16276,2,120839,1,0,0,0,0
2057992,16276,2,246946,1,0,0,0,0
2057992,16276,2,28094,1,0,0,0,0
2057992,16276,2,120784,1,0,0,0,0
2057992,16276,2,331763,1,0,0,0,0
2057992,16276,2,354041,0,0,0,0,0
2057992,16276,2,408827,0,0,0,0,0
2057992,16276,2,26668,0,0,0,0,0
2057992,16276,2,120900,0,0,0,0,0
2057992,16276,2,354043,0,0,0,0,0
2057992,16276,2,120898,0,0,0,0,0
2057992,16276,2,120717,0,0,0,0,0
2057992,16276,2,293128,0,0,0,0,0
2057992,16276,2,26100,0,0,0,0,0
2057992,16276,2,21333,0,0,0,0,0
2057992,16276,2,293080,0,0,0,0,0
2057992,5629,1,7905,1,2,0,0,0
2057992,5629,1,25707,1,2,0,0,0
2057992,5629,1,122,1,0,0,0,0
2057992,5629,1,134769,1,0,0,0,0
2057992,5629,1,8034,1,0,0,0,0
2057992,5629,1,36,1,0,0,0,0
2057992,5629,1,37824,1,0,0,0,0
2057992,5629,1,48,1,0,0,0,0
2057992,5629,1,38021,1,0,0,0,0
2057992,5629,1,70123,1,0,0,0,0
2057992,5629,1,3429,1,0,0,0,0
2057992,5629,1,15795,0,0,0,0,0
2057992,5629,1,25622,0,0,0,0,0
2057992,5629,1,261127,0,0,0,0,0
2057992,5629,1,134702,0,0,0,0,0
2057992,5629,1,261,0,0,0,0,0
2057992,5629,1,7860,0,0,0,0,0
2057992,5629,1,11152,0,0,0,0,0
2057992,5629,1,8514,0,0,0,0,0
2057992,5629,1,8307,0,0,0,0,0
2057992,5629,1,263802,0,0,0,0,0
2057992,5629,1,38093,0,1,0,0,0
2057992,5629,1,8249,0,0,0,0,0
2057981,17322,1,127796,1,0,0,0,0
2057981,17322,1,127537,1,0,0,39,0
2057981,17322,1,383,1,0,0,0,0
2057981,17322,1,7891,1,0,0,0,0
2057981,17322,1,127530,1,0,0,0,0
2057981,17322,1,265865,1,0,0,33,0
2057981,17322,1,424241,1,0,0,0,0
2057981,17322,1,8306,1,0,0,0,0
2057981,17322,1,70122,1,0,0,45,0
2057981,17322,1,128214,1,1,0,87,0
2057981,17322,1,127671,1,0,0,0,0
2057981,17322,1,15214,0,0,0,0,0
2057981,17322,1,128523,0,0,0,0,0
2057981,17322,1,50411,0,0,0,0,0
2057981,17322,1,140064,0,0,0,0,0
2057981,17322,1,258264,0,0,0,0,0
2057981,17322,1,140085,0,0,0,0,0
2057981,17322,1,237268,0,0,0,0,0
2057981,17322,1,140046,0,0,0,0,0
2057981,17322,1,11095,0,0,0,0,0
2057981,17322,1,127560,0,0,0,0,0
2057981,17322,1,20941,0,0,0,0,0
2057981,17322,1,237274,0,0,0,0,0
2057981,6697,2,20766,1,0,0,0,0
2057981,6697,2,21169,1,0,0,0,0
2057981,6697,2,20465,1,0,0,0,0
2057981,6697,2,297957,1,0,0,0,0
2057981,6697,2,14922,1,0,0,0,0
2057981,6697,2,49872,1,1,0,92,0
2057981,6697,2,49855,1,0,0,0,0
2057981,6697,2,50102,1,0,0,0,0
2057981,6697,2,20938,1,0,0,0,0
2057981,6697,2,49876,1,1,0,0,0
2057981,6697,2,49997,1,0,0,0,0
2057981,6697,2,49883,0,0,0,0,0
2057981,6697,2,49968,0,0,0,0,0
2057981,6697,2,49991,0,0,0,0,0
2057981,6697,2,360992,0,0,0,0,0
2057981,6697,2,49919,0,0,0,0,0
2057981,6697,2,20591,0,0,0,0,0
2057981,6697,2,7850,0,0,0,0,0
2057981,6697,2,236528,0,0,0,0,0
2057981,6697,2,49977,0,0,0,0,0
2057981,6697,2,15199,0,0,0,0,0
2057981,6697,2,282772,0,0,0,0,0
2057981,6697,2,50023,0,0,0,0,0
2057975,7839,2,55983,1,0,0,0,0
2057975,7839,2,58105,1,0,0,0,0
2057975,7839,2,77521,1,0,0,0,0
2057975,7839,2,77558,1,0,0,0,0
2057975,7839,2,135207,1,0,0,0,0
2057975,7839,2,38084,1,0,0,0,0
2057975,7839,2,62221,1,0,0,0,0
2057975,7839,2,37948,1,0,0,0,0
2057975,7839,2,57226,1,0,0,0,0
2057975,7839,2,56146,1,0,0,0,0
2057975,7839,2,54451,1,0,0,0,0
2057975,7839,2,57480,0,0,0,0,0
2057975,7839,2,135174,0,0,0,0,0
2057975,7839,2,38241,0,0,0,0,0
2057975,7839,2,21314,0,0,0,0,0
2057975,7839,2,14826,0,0,0,0,0
2057975,7839,2,93,0,0,0,0,0
2057975,7839,2,216568,0,0,0,0,0
2057975,7839,2,240906,0,0,0,0,0
2057975,7839,2,233276,0,0,0,0,0
2057975,7839,2,54495,0,0,0,0,0
2057975,7839,2,57347,0,0,0,0,0
2057975,7839,2,51127,0,0,0,0,0
2057975,16823,1,209792,1,0,0,44,0
2057975,16823,1,285508,1,0,0,0,0
2057975,16823,1,424624,1,0,0,0,0
2057975,16823,1,16443,1,0,0,0,0
2057975,16823,1,8625,1,0,0,0,0
2057975,16823,1,12,1,0,0,0,0
2057975,16823,1,285491,1,0,0,0,0
2057975,16823,1,265366,1,0,0,0,0
2057975,16823,1,101606,1,2,0,0,0
2057975,16823,1,7898,1,0,0,0,0
2057975,16823,1,11093,1,0,0,0,0
2057975,16823,1,70292,0,0,0,0,0
2057975,16823,1,364772,0,0,0,0,0
2057975,16823,1,70168,0,0,0,0,0
2057975,16823,1,125205,0,0,0,0,0
2057975,16823,1,139548,0,0,0,0,0
2057975,16823,1,265368,0,0,0,0,0
2057975,16823,1,72397,0,0,0,0,0
2057975,16823,1,125207,0,0,0,0,0
2057975,16823,1,20525,0,0,0,0,0
2057975,16823,1,5295,0,0,0,0,0
2057975,16823,1,332821,0,0,0,0,0
2057975,16823,1,230020,0,0,0,0,0
2057980,16871,2,101796,1,0,0,0,0
2057980,16871,2,55977,1,0,0,0,0
2057980,16871,2,125260,1,0,0,0,0
2057980,16871,2,125286,1,0,0,0,0
2057980,16871,2,11155,1,0,0,0,0
2057980,16871,2,125284,1,0,0,84,0
2057980,16871,2,125452,1,0,0,0,0
2057980,16871,2,3915,1,0,0,0,0
2057980,16871,2,55982,1,0,0,0,0
2057980,16871,2,125250,1,0,0,0,0
2057980,16871,2,51004,1,0,0,0,0
2057980,16871,2,373441,0,0,0,0,0
2057980,16871,2,59126,0,0,0,0,0
2057980,16871,2,125287,0,0,0,0,0
2057980,16871,2,125273,0,0,0,0,0
2057980,16871,2,125510,0,0,0,0,0
2057980,16871,2,32706,0,0,0,0,0
2057980,16871,2,125575,0,0,0,0,0
2057980,16871,2,125282,0,0,0,0,0
2057980,16871,2,26038,0,0,0,0,0
2057980,16871,2,125512,0,0,0,0,0
2057980,16871,2,55988,0,0,0,0,0
2057980,16871,2,125268,0,0,0,0,0
2057980,6380,1,105333,1,0,0,0,0
2057980,6380,1,40550,1,0,0,0,0
2057980,6380,1,40756,1,0,0,0,0
2057980,6380,1,40810,1,1,0,81,0
2057980,6380,1,3310,1,0,0,0,0
2057980,6380,1,3431,1,0,0,0,0
2057980,6380,1,3802,1,1,0,81,0
2057980,6380,1,40707,1,0,0,0,0
2057980,6380,1,20394,1,0,0,0,0
2057980,6380,1,214220,1,0,0,0,0
2057980,6380,1,340386,1,0,0,0,0
2057980,6380,1,14785,0,0,0,0,0
2057980,6380,1,105802,0,0,0,0,0
2057980,6380,1,40539,0,0,0,0,0
2057980,6380,1,40536,0,0,0,0,0
2057980,6380,1,3434,0,0,0,0,0
2057980,6380,1,15272,0,0,0,0,0
2057980,6380,1,71654,0,0,0,0,0
2057980,6380,1,40335,0,0,0,0,0
2057980,6380,1,105334,0,0,0,0,0
2057980,6380,1,15808,0,0,0,0,0
2057980,6380,1,105339,0,0,0,0,0
2057974,12274,1,8325,1,0,0,0,0
2057974,12274,1,3445,1,0,0,0,0
2057974,12274,1,86234,1,0,0,0,0
2057974,12274,1,3551,1,0,0,0,0
2057974,12274,1,89073,1,0,0,87,0
2057974,12274,1,70086,1,0,0,85,0
2057974,12274,1,3355,1,0,0,0,0
2057974,12274,1,3359,1,0,0,0,0
2057974,12274,1,146459,1,0,0,0,0
2057974,12274,1,86722,1,0,0,0,0
2057974,12274,1,86220,1,0,0,51,0
2057974,12274,1,101652,0,0,0,0,0
2057974,12274,1,90991,0,0,0,0,0
2057974,12274,1,3463,0,0,0,0,0
2057974,12274,1,86537,0,0,0,0,0
2057974,12274,1,3280,0,0,0,0,0
2057974,12274,1,37732,0,0,0,0,0
2057974,12274,1,356237,0,0,0,0,0
2057974,12274,1,101742,0,0,0,0,0
2057974,12274,1,3314,0,0,0,0,0
2057974,12274,1,89186,0,0,0,0,0
2057974,12274,1,3323,0,0,0,0,0
2057974,12274,1,285396,0,0,0,0,0
2057974,9598,2,69616,1,1,0,39,0
2057974,9598,2,14812,1,0,0,0,0
2057974,9598,2,69409,1,0,0,67,0
2057974,9598,2,25393,1,0,0,0,0
2057974,9598,2,135747,1,0,0,0,0
2057974,9598,2,3476,1,1,0,0,0
2057974,9598,2,105361,1,0,0,0,0
2057974,9598,2,8287,1,1,0,0,0
2057974,9598,2,69396,1,0,0,0,0
2057974,9598,2,69968,1,0,0,0,0
2057974,9598,2,14943,1,0,0,58,0
2057974,9598,2,69964,0,0,0,0,0
2057974,9598,2,69353,0,0,0,0,0
2057974,9598,2,212604,0,0,0,0,0
2057974,9598,2,69400,0,0,0,0,0
2057974,9598,2,230626,0,0,0,0,0
2057974,9598,2,135784,0,0,0,0,0
2057974,9598,2,135810,0,0,0,0,0
2057974,9598,2,231713,0,0,0,0,0
2057974,9598,2,69411,0,0,0,0,0
2057974,9598,2,69404,0,0,0,0,0
2057974,9598,2,14771,0,0,0,94,0
2057968,15594,2,114723,1,0,0,0,0
2057968,15594,2,70144,1,0,0,0,0
2057968,15594,2,114813,1,0,0,0,0
2057968,15594,2,115146,1,0,0,0,0
2057968,15594,2,114798,1,0,0,0,0
2057968,15594,2,114709,1,0,0,0,0
2057968,15594,2,70156,1,0,0,0,0
2057968,15594,2,114617,1,0,0,0,0
2057968,15594,2,14909,1,0,0,23,0
2057968,15594,2,139078,1,0,0,80,0
2057968,15594,2,114762,1,0,0,0,0
2057968,15594,2,114803,0,0,0,0,0
2057968,15594,2,114624,0,0,0,0,0
2057968,15594,2,325910,0,0,0,0,0
2057968,15594,2,114736,0,0,0,0,0
2057968,15594,2,114567,0,0,0,0,0
2057968,15594,2,114908,0,0,0,0,0
2057968,15594,2,139075,0,0,0,0,0
2057968,15594,2,114764,0,0,0,0,0
2057968,15594,2,139080,0,0,0,0,0
2057968,15594,2,115353,0,0,0,0,0
2057968,15594,2,89571,0,0,0,0,0
2057968,15594,2,14872,0,0,0,0,0
2057968,4418,1,353833,1,1,0,0,0
2057968,4418,1,3682,1,0,0,0,0
2057968,4418,1,7936,1,0,0,86,0
2057968,4418,1,3309,1,0,0,0,0
2057968,4418,1,26010,1,0,0,0,0
2057968,4418,1,340646,1,0,0,0,0
2057968,4418,1,25397,1,0,0,0,0
2057968,4418,1,25437,1,0,0,16,0
2057968,4418,1,31528,1,0,0,0,0
2057968,4418,1,279545,1,0,0,0,0
2057968,4418,1,25381,1,0,0,0,0
2057968,4418,1,25418,0,0,0,0,0
2057968,4418,1,26196,0,0,0,0,0
2057968,4418,1,25552,0,0,0,0,0
2057968,4418,1,209091,0,0,0,0,0
2057968,4418,1,3276,0,0,0,0,0
2057968,4418,1,28922,0,0,0,0,0
2057968,4418,1,25770,0,0,0,0,0
2057968,4418,1,231138,0,0,0,0,0
2057968,4418,1,26136,0,0,0,0,0
2057968,4418,1,286390,0,0,0,0,0
2057968,4418,1,8200,0,0,0,0,0
2057968,4418,1,28115,0,0,0,0,0
2057969,8493,2,16151,1,0,0,0,0
2057969,8493,2,238055,1,0,0,0,0
2057969,8493,2,61407,1,0,0,0,0
2057969,8493,2,62389,1,0,0,0,0
2057969,8493,2,61651,1,0,0,0,0
2057969,8493,2,15020,1,0,0,0,0
2057969,8493,2,61390,1,0,0,0,0
2057969,8493,2,61395,1,0,0,0,0
2057969,8493,2,8410,1,1,0,0,0
2057969,8493,2,61425,1,0,0,0,0
2057969,8493,2,61367,1,0,0,0,0
2057969,8493,2,61554,0,0,0,0,0
2057969,8493,2,61492,0,0,0,0,0
2057969,8493,2,7947,0,0,0,0,0
2057969,8493,2,135425,0,0,0,0,0
2057969,8493,2,61360,0,0,0,0,0
2057969,8493,2,10214,0,0,0,0,0
2057969,8493,2,8247,0,0,0,0,0
2057969,8493,2,8286,0,0,0,0,0
2057969,8493,2,266442,0,0,0,0,0
2057969,8493,2,62743,0,0,0,0,0
2057969,8493,2,69978,0,0,0,0,0
2057969,8493,2,403613,0,0,0,0,0
2057969,7712,1,56274,1,0,0,37,0
2057969,7712,1,15080,1,0,0,0,0
2057969,7712,1,56394,1,0,0,0,0
2057969,7712,1,8480,1,0,0,0,0
2057969,7712,1,241945,1,0,0,84,0
2057969,7712,1,135103,1,0,0,0,0
2057969,7712,1,54,1,1,0,0,0
2057969,7712,1,405,1,0,0,0,0
2057969,7712,1,55990,1,0,0,0,0
2057969,7712,1,20433,1,0,0,0,0
2057969,7712,1,56026,1,0,0,0,0
2057969,7712,1,55957,0,0,0,0,0
2057969,7712,1,15806,0,0,0,0,0
2057969,7712,1,56025,0,0,0,0,0
2057969,7712,1,56441,0,0,0,0,0
2057969,7712,1,55979,0,0,0,0,0
2057969,7712,1,56454,0,0,0,0,0
2057969,7712,1,281254,0,0,0,0,0
2057969,7712,1,1722,0,0,0,0,0
2057969,7712,1,56038,0,0,0,0,0
2057969,7712,1,135150,0,0,0,0,0
2057969,7712,1,55968,0,0,0,0,0
2057963,10840,1,79248,1,0,0,0,0
2057963,10840,1,79149,1,0,0,0,0
2057963,10840,1,237836,1,0,0,79,0
2057963,10840,1,285538,1,0,0,0,0
2057963,10840,1,79098,1,0,0,0,0
2057963,10840,1,241647,1,0,0,0,0
2057963,10840,1,78991,1,0,0,92,0
2057963,10840,1,79449,1,0,0,0,0
2057963,10840,1,79320,1,0,0,0,0
2057963,10840,1,79006,1,0,0,0,0
2057963,10840,1,238031,1,0,0,0,0
2057963,10840,1,79115,0,0,0,0,0
2057963,10840,1,79658,0,0,0,0,0
2057963,10840,1,79038,0,0,0,0,0
2057963,10840,1,14939,0,0,0,0,0
2057963,10840,1,264476,0,0,0,0,0
2057963,10840,1,60144,0,0,0,0,0
2057963,10840,1,38064,0,0,0,0,0
2057963,10840,1,3509,0,0,0,0,0
2057963,10840,1,79381,0,0,0,0,0
2057963,10840,1,333803,0,0,0,0,0
2057963,10840,1,53562,0,0,0,0,0
2057963,1598,2,3353,1,0,0,0,0
2057963,1598,2,4498,1,0,0,0,0
2057963,1598,2,4338,1,1,0,0,0
2057963,1598,2,7910,1,0,0,0,0
2057963,1598,2,4501,1,0,0,0,0
2057963,1598,2,3306,1,0,0,0,0
2057963,1598,2,3346,1,0,0,0,0
2057963,1598,2,3341,1,0,0,0,0
2057963,1598,2,8317,1,0,0,0,0
2057963,1598,2,3269,1,0,0,0,0
2057963,1598,2,3563,1,0,0,0,0
2057963,1598,2,3397,0,0,0,0,0
2057963,1598,2,3304,0,0,0,0,0
2057963,1598,2,7949,0,0,0,0,0
2057963,1598,2,4488,0,0,0,0,0
2057963,1598,2,3560,0,0,0,0,0
2057963,1598,2,278289,0,0,0,0,0
2057963,1598,2,3345,0,0,0,0,0
2057963,1598,2,25553,0,0,0,0,0
2057963,1598,2,3840,0,0,0,0,0
2057963,1598,2,3443,0,0,0,0,0
2057963,1598,2,288091,0,0,0,0,0
2057963,1598,2,70129,0,0,0,0,0
2057957,16521,2,122577,1,0,0,0,0
2057957,16521,2,122615,1,0,0,0,0
2057957,16521,2,122623,1,0,0,0,0
2057957,16521,2,122847,1,0,0,0,0
2057957,16521,2,398219,1,0,0,0,0
2057957,16521,2,248328,1,0,0,0,0
2057957,16521,2,122839,1,0,0,0,0
2057957,16521,2,292954,1,0,0,0,0
2057957,16521,2,122832,1,0,0,0,0
2057957,16521,2,122940,1,0,0,0,0
2057957,16521,2,139393,1,0,0,0,0
2057957,16521,2,122888,0,0,0,0,0
2057957,16521,2,487023,0,0,0,0,0
2057957,16521,2,122749,0,0,0,0,0
2057957,16521,2,122568,0,0,0,0,0
2057957,16521,2,122651,0,0,0,0,0
2057957,16521,2,122696,0,0,0,0,0
2057957,16521,2,122562,0,0,0,0,0
2057957,16521,2,122561,0,0,0,0,0
2057957,16521,2,139391,0,0,0,0,0
2057957,16521,2,122918,0,0,0,0,0
2057957,16521,2,284147,0,0,0,0,0
2057957,16521,2,122671,0,0,0,0,0
2057957,15670,1,70095,1,0,0,0,0
2057957,15670,1,116349,1,0,0,0,0
2057957,15670,1,86340,1,0,0,0,0
2057957,15670,1,21174,1,0,0,0,0
2057957,15670,1,32641,1,0,0,0,0
2057957,15670,1,227894,1,0,0,0,0
2057957,15670,1,20460,1,0,0,0,0
2057957,15670,1,116166,1,0,0,0,0
2057957,15670,1,361807,1,0,0,0,0
2057957,15670,1,3433,1,0,0,0,0
2057957,15670,1,7972,1,1,0,0,0
2057957,15670,1,395636,0,0,0,0,0
2057957,15670,1,116259,0,0,0,0,0
2057957,15670,1,70379,0,0,0,0,0
2057957,15670,1,7954,0,0,0,0,0
2057957,15670,1,113995,0,0,0,0,0
2057957,15670,1,213364,0,0,0,0,0
2057957,15670,1,3714,0,0,0,0,0
2057957,15670,1,70116,0,0,0,0,0
2057957,15670,1,116623,0,0,0,0,0
2057957,15670,1,333571,0,0,0,0,0
2057957,15670,1,299618,0,0,0,0,0
2057957,15670,1,116269,0,0,0,0,0
2057962,16216,2,29625,1,0,0,0,0
2057962,16216,2,25998,1,0,0,0,0
2057962,16216,2,142,1,0,0,0,0
2057962,16216,2,101620,1,0,0,0,0
2057962,16216,2,101846,1,0,0,0,0
2057962,16216,2,149074,1,0,0,0,0
2057962,16216,2,6509,1,0,0,0,0
2057962,16216,2,20579,1,0,0,40,0
2057962,16216,2,396475,1,0,0,0,0
2057962,16216,2,221039,1,0,0,0,0
2057962,16216,2,32968,1,0,0,0,0
2057962,16216,2,426702,0,0,0,0,0
2057962,16216,2,285590,0,0,0,0,0
2057962,16216,2,285583,0,0,0,0,0
2057962,16216,2,447821,0,0,0,0,0
2057962,16216,2,15727,0,0,0,0,0
2057962,16216,2,26226,0,0,0,0,0
2057962,16216,2,372915,0,0,0,0,0
2057962,16216,2,120631,0,0,0,0,0
2057962,16216,2,552555,0,0,0,0,0
2057962,16216,2,101847,0,0,0,0,0
2057962,16216,2,25888,0,0,0,0,0
2057962,9905,1,265673,1,0,0,0,0
2057962,9905,1,70965,1,0,0,0,0
2057962,9905,1,70093,1,0,0,0,0
2057962,9905,1,237034,1,0,0,0,0
2057962,9905,1,37762,1,0,0,0,0
2057962,9905,1,3322,1,1,0,0,0
2057962,9905,1,8126,1,0,0,0,0
2057962,9905,1,28907,1,0,0,0,0
2057962,9905,1,70134,1,0,0,0,0
2057962,9905,1,70389,1,0,0,0,0
2057962,9905,1,3305,1,0,0,0,0
2057962,9905,1,32599,0,0,0,0,0
2057962,9905,1,25382,0,0,0,0,0
2057962,9905,1,70381,0,0,0,0,0
2057962,9905,1,83876,0,0,0,0,0
2057962,9905,1,135927,0,0,0,0,0
2057962,9905,1,258154,0,0,0,0,0
2057962,9905,1,22107,0,0,0,0,0
2057962,9905,1,32597,0,0,0,0,0
2057962,9905,1,101558,0,0,0,0,0
2057962,9905,1,243588,0,0,0,0,0
2057962,9905,1,70403,0,0,0,92,0
2057962,9905,1,227059,0,0,0,0,0
2057956,14358,1,4513,1,1,0,0,0
2057956,14358,1,101669,1,1,0,0,0
2057956,14358,1,101857,1,0,0,0,0
2057956,14358,1,103668,1,0,0,0,0
2057956,14358,1,102157,1,0,0,0,0
2057956,14358,1,101699,1,0,0,0,0
2057956,14358,1,41123,1,0,0,0,0
2057956,14358,1,257800,1,0,0,0,0
2057956,14358,1,103682,1,0,0,0,0
2057956,14358,1,101576,1,0,0,0,0
2057956,14358,1,101583,1,0,0,0,0
2057956,14358,1,101834,0,0,0,0,0
2057956,14358,1,101682,0,0,0,0,0
2057956,14358,1,262048,0,0,0,0,0
2057956,14358,1,101971,0,0,0,0,0
2057956,14358,1,101953,0,0,0,0,0
2057956,14358,1,101825,0,0,0,0,0
2057956,14358,1,288708,0,0,0,0,0
2057956,14358,1,102629,0,0,0,0,0
2057956,14358,1,220971,0,0,0,0,0
2057956,14358,1,101707,0,0,0,84,0
2057956,14358,1,101647,0,0,0,0,0
2057956,16129,2,120339,1,0,0,0,0
2057956,16129,2,220112,1,0,0,57,0
2057956,16129,2,120225,1,0,0,0,0
2057956,16129,2,120000,1,0,0,0,0
2057956,16129,2,119951,1,0,0,0,0
2057956,16129,2,119975,1,0,0,0,0
2057956,16129,2,198120,1,0,0,0,0
2057956,16129,2,120156,1,0,1,0,0
2057956,16129,2,120167,1,0,0,0,0
2057956,16129,2,120353,1,1,0,0,0
2057956,16129,2,437417,1,0,0,0,0
2057956,16129,2,120446,0,0,0,0,0
2057956,16129,2,120042,0,0,0,0,0
2057956,16129,2,119981,0,0,0,0,0
2057956,16129,2,120269,0,0,0,0,0
2057956,16129,2,8525,0,0,0,0,0
2057956,16129,2,296484,0,0,0,0,0
2057956,16129,2,119987,0,0,0,0,0
2057956,16129,2,120151,0,0,0,0,0
2057956,16129,2,11270,0,0,0,0,0
2057956,16129,2,388928,0,0,0,0,0
2057956,16129,2,119932,0,0,0,0,0
2057956,16129,2,332605,0,0,0,0,0
2057996,19314,2,15054,1,0,0,0,0
2057996,19314,2,25898,1,1,0,0,0
2057996,19314,2,32793,1,0,0,0,0
2057996,19314,2,26115,1,0,0,49,0
2057996,19314,2,25726,1,0,0,0,0
2057996,19314,2,375348,1,0,0,0,0
2057996,19314,2,448079,1,0,0,0,0
2057996,19314,2,25747,1,0,0,0,0
2057996,19314,2,25706,1,0,0,72,0
2057996,19314,2,28529,1,0,0,0,0
2057996,19314,2,133897,1,0,0,0,0
2057996,19314,2,215281,0,0,0,0,0
2057996,19314,2,256480,0,0,0,0,0
2057996,19314,2,207164,0,0,0,0,0
2057996,19314,2,21098,0,0,0,0,0
2057996,19314,2,25633,0,0,0,0,0
2057996,19314,2,54315,0,0,0,0,0
2057996,19314,2,26022,0,0,0,0,0
2057996,19314,2,32544,0,0,0,0,0
2057996,19314,2,26610,0,0,0,0,0
2057996,19314,2,37725,0,0,0,0,0
2057996,19314,2,27412,0,0,0,0,0
2057996,19314,2,97582,0,0,0,0,0
2057996,13869,1,14804,1,0,0,0,0
2057996,13869,1,99452,1,0,0,0,0
2057996,13869,1,14798,1,0,0,0,0
2057996,13869,1,99661,1,0,1,0,0
2057996,13869,1,25537,1,1,0,12,0
2057996,13869,1,99902,1,0,0,0,0
2057996,13869,1,99438,1,0,0,0,0
2057996,13869,1,33032,1,0,0,0,0
2057996,13869,1,14817,1,0,0,0,0
2057996,13869,1,99391,1,0,0,0,0
2057996,13869,1,7849,1,0,0,0,0
2057996,13869,1,99479,0,0,0,0,0
2057996,13869,1,225324,0,0,0,0,0
2057996,13869,1,99381,0,0,0,0,0
2057996,13869,1,21097,0,0,0,0,0
2057996,13869,1,8121,0,0,0,0,0
2057996,13869,1,15282,0,0,0,0,0
2057996,13869,1,138174,0,0,0,0,0
2057996,13869,1,7847,0,0,0,0,0
2057996,13869,1,100140,0,0,0,0,0
2057996,13869,1,240042,0,0,0,0,0
2057996,13869,1,99833,0,0,0,0,0
2057996,13869,1,240032,0,0,0,0,0
2057997,12913,2,14816,1,1,0,0,0
2057997,12913,2,94828,1,0,0,0,0
2057997,12913,2,94831,1,1,0,0,0
2057997,12913,2,14836,1,0,0,0,0
2057997,12913,2,37896,1,0,0,93,0
2057997,12913,2,94650,1,0,0,0,0
2057997,12913,2,94695,1,0,0,0,0
2057997,12913,2,703,1,0,0,0,0
2057997,12913,2,94814,1,0,0,0,0
2057997,12913,2,20517,1,0,0,0,0
2057997,12913,2,14929,1,0,0,0,0
2057997,12913,2,94764,0,0,0,0,0
2057997,12913,2,94630,0,0,0,0,0
2057997,12913,2,95108,0,0,0,0,0
2057997,12913,2,14749,0,0,0,0,0
2057997,12913,2,137653,0,0,0,0,0
2057997,12913,2,137661,0,0,0,0,0
2057997,12913,2,95349,0,0,0,0,0
2057997,12913,2,94922,0,0,0,0,0
2057997,12913,2,14730,0,0,0,0,0
2057997,12913,2,95010,0,0,0,0,0
2057997,12913,2,14763,0,0,0,0,0
2057997,12913,2,101592,0,0,0,0,0
2057997,12430,1,20751,1,0,0,0,0
2057997,12430,1,91019,1,1,0,0,0
2057997,12430,1,91381,1,0,0,0,0
2057997,12430,1,255738,1,0,0,0,0
2057997,12430,1,91002,1,0,0,0,0
2057997,12430,1,70136,1,0,0,0,0
2057997,12430,1,25662,1,0,0,0,0
2057997,12430,1,26518,1,0,0,0,3
2057997,12430,1,257762,1,0,0,0,0
2057997,12430,1,91702,1,0,0,0,0
2057997,12430,1,3450,1,0,0,0,0
2057997,12430,1,3531,0,0,0,0,0
2057997,12430,1,90999,0,0,0,0,0
2057997,12430,1,4814,0,0,0,0,0
2057997,12430,1,91039,0,0,0,0,0
2057997,12430,1,20764,0,0,0,0,0
2057997,12430,1,91502,0,0,0,0,0
2057997,12430,1,256634,0,0,0,0,0
2057997,12430,1,91082,0,0,0,0,0
2057997,12430,1,91156,0,0,0,0,0
2057997,12430,1,246928,0,0,0,64,0
2057997,12430,1,37831,0,0,0,0,0
2057997,12430,1,70096,0,0,0,85,0
2057991,2413,2,11066,1,0,0,0,0
2057991,2413,2,13484,1,0,0,0,0
2057991,2413,2,9380,1,0,0,0,0
2057991,2413,2,8653,1,0,0,0,0
2057991,2413,2,8945,1,0,0,0,0
2057991,2413,2,8717,1,2,0,0,0
2057991,2413,2,7964,1,0,0,0,0
2057991,2413,2,10131,1,0,0,0,0
2057991,2413,2,8277,1,0,0,33,0
2057991,2413,2,7939,1,0,0,0,0
2057991,2413,2,7934,1,0,0,0,0
2057991,2413,2,7918,0,0,0,0,0
2057991,2413,2,346101,0,0,0,0,0
2057991,2413,2,8464,0,0,0,0,0
2057991,2413,2,7945,0,0,0,0,0
2057991,2413,2,8094,0,0,0,0,0
2057991,2413,2,8292,0,0,0,0,0
2057991,2413,2,12242,0,0,0,0,0
2057991,2413,2,7887,0,0,0,0,0
2057991,2413,2,12829,0,0,0,0,0
2057991,2413,2,210044,0,0,0,0,0
2057991,2413,2,397178,0,0,0,0,0
2057991,2413,2,235555,0,0,0,0,0
2057991,16276,1,149050,1,0,0,0,0
2057991,16276,1,26100,1,0,0,0,0
2057991,16276,1,25776,1,0,0,0,0
2057991,16276,1,209354,1,0,0,0,0
2057991,16276,1,120839,1,0,0,0,0
2057991,16276,1,246946,1,0,0,0,0
2057991,16276,1,10014,1,0,0,0,0
2057991,16276,1,28094,1,0,0,0,0
2057991,16276,1,331763,1,0,0,0,0
2057991,16276,1,120853,1,1,0,0,0
2057991,16276,1,295747,1,0,0,0,0
2057991,16276,1,275243,0,0,0,0,0
2057991,16276,1,408827,0,0,0,0,0
2057991,16276,1,120900,0,0,0,0,0
2057991,16276,1,354043,0,0,0,0,0
2057991,16276,1,21333,0,0,0,0,0
2057991,16276,1,120898,0,0,0,0,0
2057991,16276,1,293080,0,0,0,0,0
2057991,16276,1,120717,0,0,0,0,0
2057991,16276,1,293128,0,0,0,0,0
2057991,16276,1,354041,0,0,0,0,0
2057991,16276,1,26668,0,0,0,0,0
2057991,16276,1,120784,0,0,0,0,0
2057990,17929,2,401861,1,0,0,0,0
2057990,17929,2,241077,1,0,0,45,0
2057990,17929,2,113517,1,0,0,0,0
2057990,17929,2,86411,1,0,0,49,0
2057990,17929,2,116364,1,0,0,18,0
2057990,17929,2,361498,1,0,0,51,0
2057990,17929,2,125774,1,0,0,0,0
2057990,17929,2,86414,1,0,0,57,0
2057990,17929,2,273683,1,0,0,0,0
2057990,17929,2,91263,1,0,0,0,0
2057990,17929,2,59083,1,0,0,0,0
2057990,17929,2,361511,0,0,0,0,0
2057990,17929,2,361536,0,0,0,0,0
2057990,17929,2,116293,0,0,0,0,0
2057990,17929,2,131602,0,0,0,0,0
2057990,17929,2,167241,0,0,0,0,0
2057990,17929,2,131862,0,0,0,0,0
2057990,17929,2,125848,0,0,0,0,0
2057990,17929,2,131576,0,0,0,0,0
2057990,17929,2,112679,0,0,0,0,0
2057990,17929,2,116997,0,0,0,0,0
2057990,17929,2,241134,0,0,0,0,0
2057990,17929,2,114864,0,0,0,0,0
2057990,5629,1,134769,1,0,0,0,0
2057990,5629,1,122,1,1,0,0,0
2057990,5629,1,8034,1,0,0,0,0
2057990,5629,1,36,1,0,0,0,0
2057990,5629,1,37824,1,0,0,14,0
2057990,5629,1,7905,1,2,0,0,0
2057990,5629,1,48,1,0,0,59,0
2057990,5629,1,25707,1,0,0,0,0
2057990,5629,1,38021,1,0,0,88,0
2057990,5629,1,70123,1,0,0,0,0
2057990,5629,1,3429,1,0,0,0,0
2057990,5629,1,15795,0,0,0,0,0
2057990,5629,1,261127,0,0,0,0,0
2057990,5629,1,134702,0,0,0,0,0
2057990,5629,1,263802,0,0,0,0,0
2057990,5629,1,8514,0,0,0,0,0
2057990,5629,1,38093,0,0,0,0,0
2057990,5629,1,8307,0,0,0,0,0
2057990,5629,1,8249,0,0,0,0,0
2057990,5629,1,25622,0,0,0,0,0
2057990,5629,1,261,0,0,0,0,0
2057990,5629,1,11152,0,0,0,0,0
2057985,7047,1,20876,1,0,0,0,0
2057985,7047,1,123,1,0,0,0,0
2057985,7047,1,8529,1,0,0,0,0
2057985,7047,1,61949,1,0,0,0,0
2057985,7047,1,50798,1,0,0,0,0
2057985,7047,1,51144,1,0,0,61,0
2057985,7047,1,14908,1,0,0,0,0
2057985,7047,1,50806,1,0,0,0,0
2057985,7047,1,21275,1,1,0,0,0
2057985,7047,1,51217,1,0,0,0,0
2057985,7047,1,51132,1,0,0,0,0
2057985,7047,1,50771,0,0,0,0,0
2057985,7047,1,149151,0,0,0,0,0
2057985,7047,1,51064,0,0,0,0,0
2057985,7047,1,8192,0,0,0,0,0
2057985,7047,1,50805,0,0,0,0,0
2057985,7047,1,51151,0,0,0,0,0
2057985,7047,1,151,0,0,0,0,0
2057985,7047,1,50812,0,0,0,0,0
2057985,7047,1,32798,0,0,0,0,0
2057985,7047,1,51262,0,0,0,0,0
2057985,7047,1,51145,0,0,0,0,0
2057985,14855,2,49862,1,0,0,0,0
2057985,14855,2,107548,1,0,0,12,0
2057985,14855,2,15781,1,0,0,0,0
2057985,14855,2,61962,1,0,0,0,0
2057985,14855,2,95200,1,0,0,0,0
2057985,14855,2,138633,1,0,0,0,0
2057985,14855,2,349687,1,0,0,55,0
2057985,14855,2,14911,1,0,0,0,0
2057985,14855,2,107529,1,0,0,0,0
2057985,14855,2,256043,1,0,0,0,0
2057985,14855,2,299121,1,0,0,0,0
2057985,14855,2,107424,0,0,0,0,0
2057985,14855,2,107413,0,0,0,0,0
2057985,14855,2,107623,0,0,0,0,0
2057985,14855,2,209567,0,0,0,0,0
2057985,14855,2,107523,0,0,0,0,0
2057985,14855,2,94987,0,0,0,0,0
2057985,14855,2,107651,0,0,0,0,0
2057985,14855,2,373054,0,0,0,0,0
2057985,14855,2,51625,0,0,0,0,0
2057985,14855,2,95299,0,0,0,0,0
2057985,14855,2,403546,0,0,0,0,0
2057985,14855,2,95490,0,0,0,0,0
2057978,6697,2,20938,1,0,0,68,0
2057978,6697,2,20766,1,0,0,0,0
2057978,6697,2,20465,1,0,0,30,0
2057978,6697,2,297957,1,0,0,0,0
2057978,6697,2,14922,1,0,0,0,0
2057978,6697,2,49872,1,0,0,0,0
2057978,6697,2,49855,1,0,0,0,0
2057978,6697,2,50102,1,0,0,65,0
2057978,6697,2,49997,1,1,0,0,0
2057978,6697,2,21169,1,0,0,0,0
2057978,6697,2,49876,1,0,0,0,0
2057978,6697,2,49883,0,0,0,0,0
2057978,6697,2,49968,0,0,0,0,0
2057978,6697,2,15199,0,0,0,0,0
2057978,6697,2,49991,0,0,0,0,0
2057978,6697,2,49919,0,0,0,0,0
2057978,6697,2,50023,0,0,0,0,0
2057978,6697,2,20591,0,0,0,0,0
2057978,6697,2,7850,0,0,0,0,0
2057978,6697,2,236528,0,0,0,0,0
2057978,6697,2,360992,0,0,0,0,0
2057978,6697,2,282772,0,0,0,0,0
2057978,6697,2,49977,0,0,0,0,0
2057978,6380,1,40756,1,0,0,46,0
2057978,6380,1,40550,1,0,0,0,0
2057978,6380,1,340386,1,0,0,0,0
2057978,6380,1,40810,1,0,0,0,0
2057978,6380,1,3310,1,0,0,0,0
2057978,6380,1,3431,1,0,0,0,0
2057978,6380,1,70083,1,0,0,0,0
2057978,6380,1,3802,1,1,0,0,0
2057978,6380,1,105333,1,0,0,0,0
2057978,6380,1,20394,1,0,0,0,0
2057978,6380,1,214220,1,0,0,0,0
2057978,6380,1,105334,0,0,0,0,0
2057978,6380,1,105802,0,0,0,0,0
2057978,6380,1,40539,0,0,0,0,0
2057978,6380,1,40536,0,0,0,0,0
2057978,6380,1,3434,0,0,0,0,0
2057978,6380,1,40707,0,0,0,0,0
2057978,6380,1,15272,0,0,0,0,0
2057978,6380,1,71654,0,0,0,0,0
2057978,6380,1,15808,0,0,0,0,0
2057978,6380,1,14785,0,0,0,0,0
2057978,6380,1,105339,0,0,0,0,0
2057984,3148,1,3318,1,0,0,0,0
2057984,3148,1,15125,1,0,0,0,0
2057984,3148,1,173214,1,0,0,0,0
2057984,3148,1,14716,1,0,0,0,0
2057984,3148,1,14732,1,0,0,83,0
2057984,3148,1,14862,1,0,0,0,0
2057984,3148,1,224593,1,0,0,0,0
2057984,3148,1,14712,1,0,0,0,0
2057984,3148,1,3319,1,0,0,0,0
2057984,3148,1,14795,1,0,0,84,0
2057984,3148,1,14723,1,0,0,0,0
2057984,3148,1,15811,0,0,0,0,0
2057984,3148,1,14991,0,0,0,0,0
2057984,3148,1,15008,0,0,0,0,0
2057984,3148,1,134383,0,0,0,0,0
2057984,3148,1,134387,0,0,0,0,0
2057984,3148,1,15062,0,0,0,0,0
2057984,3148,1,14808,0,0,0,0,0
2057984,3148,1,14748,0,0,0,0,0
2057984,3148,1,15024,0,0,0,0,0
2057984,3148,1,14731,0,0,0,0,0
2057984,3148,1,146583,0,0,0,0,0
2057984,15473,2,3685,1,0,0,0,0
2057984,15473,2,295156,1,1,0,0,0
2057984,15473,2,3384,1,0,0,0,0
2057984,15473,2,112777,1,0,0,0,0
2057984,15473,2,3795,1,0,0,40,0
2057984,15473,2,336178,1,0,0,0,0
2057984,15473,2,112459,1,0,0,90,0
2057984,15473,2,112366,1,0,0,0,0
2057984,15473,2,25816,1,0,0,0,0
2057984,15473,2,7941,1,0,0,0,0
2057984,15473,2,255387,1,0,0,0,0
2057984,15473,2,112522,0,0,0,0,0
2057984,15473,2,112813,0,0,0,0,0
2057984,15473,2,3349,0,0,0,0,0
2057984,15473,2,112253,0,0,0,0,0
2057984,15473,2,112710,0,0,0,0,0
2057984,15473,2,112556,0,0,0,0,0
2057984,15473,2,112542,0,0,0,0,0
2057984,15473,2,8297,0,0,0,0,0
2057984,15473,2,284267,0,0,0,0,0
2057984,15473,2,112392,0,0,0,0,0
2057984,15473,2,59003,0,0,0,0,0
2057984,15473,2,448210,0,0,0,0,0
2057979,16871,1,125452,1,0,0,0,0
2057979,16871,1,101796,1,0,0,0,0
2057979,16871,1,125260,1,0,0,56,0
2057979,16871,1,125512,1,0,0,22,0
2057979,16871,1,125286,1,0,0,0,0
2057979,16871,1,11155,1,0,0,0,0
2057979,16871,1,125284,1,0,0,0,0
2057979,16871,1,55977,1,0,0,0,0
2057979,16871,1,3915,1,0,0,0,0
2057979,16871,1,125250,1,0,0,0,0
2057979,16871,1,51004,1,0,0,0,0
2057979,16871,1,373441,0,0,0,0,0
2057979,16871,1,59126,0,0,0,0,0
2057979,16871,1,125287,0,0,0,0,0
2057979,16871,1,125510,0,0,0,0,0
2057979,16871,1,32706,0,0,0,0,0
2057979,16871,1,55982,0,0,0,0,0
2057979,16871,1,125575,0,0,0,0,0
2057979,16871,1,125282,0,0,0,0,0
2057979,16871,1,125268,0,0,0,0,0
2057979,16871,1,125273,0,0,0,0,0
2057979,16871,1,55988,0,0,0,0,0
2057979,16871,1,26038,0,0,0,0,0
2057979,17322,2,20941,1,0,0,0,0
2057979,17322,2,127530,1,0,0,0,0
2057979,17322,2,383,1,0,0,0,0
2057979,17322,2,127537,1,0,0,0,0
2057979,17322,2,7891,1,0,0,59,0
2057979,17322,2,265865,1,0,0,0,0
2057979,17322,2,424241,1,0,0,0,0
2057979,17322,2,8306,1,1,0,0,0
2057979,17322,2,70122,1,0,0,0,0
2057979,17322,2,128214,1,0,0,0,0
2057979,17322,2,127671,1,0,0,0,0
2057979,17322,2,128523,0,0,0,0,0
2057979,17322,2,140064,0,0,0,0,0
2057979,17322,2,258264,0,0,0,0,0
2057979,17322,2,140085,0,0,0,0,0
2057979,17322,2,237268,0,0,0,0,0
2057979,17322,2,140046,0,0,0,0,0
2057979,17322,2,237274,0,0,0,0,0
2057979,17322,2,11095,0,0,0,0,0
2057979,17322,2,127560,0,0,0,0,0
2057979,17322,2,15214,0,0,0,0,0
2057979,17322,2,50411,0,0,0,98,0
2057979,17322,2,127796,0,0,0,0,0
2057973,16823,2,230020,1,0,0,0,0
2057973,16823,2,5295,1,0,0,0,0
2057973,16823,2,7898,1,0,0,0,0
2057973,16823,2,424624,1,0,1,0,0
2057973,16823,2,16443,1,0,0,0,0
2057973,16823,2,8625,1,0,0,0,0
2057973,16823,2,209792,1,0,0,0,0
2057973,16823,2,285491,1,0,0,0,0
2057973,16823,2,265368,1,0,0,0,0
2057973,16823,2,265366,1,0,0,0,0
2057973,16823,2,11093,1,0,0,70,0
2057973,16823,2,70292,0,0,0,0,0
2057973,16823,2,364772,0,0,0,0,0
2057973,16823,2,70168,0,0,0,0,0
2057973,16823,2,125205,0,0,0,0,0
2057973,16823,2,332821,0,0,0,0,0
2057973,16823,2,139548,0,0,0,0,0
2057973,16823,2,12,0,0,0,0,0
2057973,16823,2,125207,0,0,0,0,0
2057973,16823,2,20525,0,0,0,0,0
2057973,16823,2,285508,0,0,0,0,0
2057973,16823,2,72397,0,0,0,0,0
2057973,16823,2,101606,0,0,0,0,0
2057973,9598,1,69411,1,0,0,0,0
2057973,9598,1,69616,1,0,0,0,0
2057973,9598,1,14943,1,0,0,0,0
2057973,9598,1,69409,1,0,0,0,0
2057973,9598,1,25393,1,0,0,0,0
2057973,9598,1,135747,1,0,0,0,0
2057973,9598,1,3476,1,0,0,30,0
2057973,9598,1,105361,1,0,0,0,0
2057973,9598,1,8287,1,1,0,0,0
2057973,9598,1,69396,1,0,0,0,0
2057973,9598,1,14812,1,0,0,0,0
2057973,9598,1,69964,0,0,0,0,0
2057973,9598,1,69353,0,0,0,0,0
2057973,9598,1,212604,0,0,0,0,0
2057973,9598,1,69400,0,0,0,0,0
2057973,9598,1,230626,0,0,0,0,0
2057973,9598,1,135784,0,0,0,0,0
2057973,9598,1,14771,0,0,0,0,0
2057973,9598,1,105376,0,0,0,0,0
2057973,9598,1,231713,0,0,0,0,0
2057973,9598,1,69968,0,0,0,89,0
2057973,9598,1,69404,0,0,0,0,0
2057973,9598,1,135810,0,0,0,0,0
2057967,7712,2,14744,1,0,0,0,0
2057967,7712,2,241945,1,0,0,0,0
2057967,7712,2,135103,1,0,0,0,0
2057967,7712,2,56394,1,0,0,0,0
2057967,7712,2,8480,1,0,0,0,0
2057967,7712,2,54,1,0,0,0,0
2057967,7712,2,56274,1,1,0,93,0
2057967,7712,2,55990,1,0,0,86,0
2057967,7712,2,20433,1,0,0,0,0
2057967,7712,2,56026,1,0,0,0,0
2057967,7712,2,15080,1,0,0,0,0
2057967,7712,2,55957,0,0,0,0,0
2057967,7712,2,135150,0,0,0,0,0
2057967,7712,2,15806,0,0,0,0,0
2057967,7712,2,56025,0,0,0,0,0
2057967,7712,2,56441,0,0,0,0,0
2057967,7712,2,56454,0,0,0,0,0
2057967,7712,2,281254,0,0,0,0,0
2057967,7712,2,1722,0,0,0,0,0
2057967,7712,2,56038,0,0,0,0,0
2057967,7712,2,55979,0,0,0,0,0
2057967,7712,2,55968,0,0,0,0,0
2057967,7712,2,405,0,0,0,0,0
2057967,15594,1,114762,1,0,0,0,0
2057967,15594,1,14872,1,0,0,0,0
2057967,15594,1,139075,1,0,0,38,0
2057967,15594,1,115146,1,0,0,0,0
2057967,15594,1,114813,1,0,0,0,0
2057967,15594,1,114723,1,0,0,0,0
2057967,15594,1,114798,1,0,0,0,0
2057967,15594,1,114709,1,0,0,0,0
2057967,15594,1,70156,1,0,0,0,0
2057967,15594,1,114617,1,0,0,0,0
2057967,15594,1,70144,1,0,0,0,0
2057967,15594,1,114803,0,0,0,0,0
2057967,15594,1,115353,0,0,0,0,0
2057967,15594,1,114624,0,0,0,0,0
2057967,15594,1,325910,0,0,0,0,0
2057967,15594,1,114736,0,0,0,0,0
2057967,15594,1,114567,0,0,0,0,0
2057967,15594,1,114908,0,0,0,0,0
2057967,15594,1,114764,0,0,0,0,0
2057967,15594,1,139080,0,0,0,0,0
2057967,15594,1,89571,0,0,0,0,0
2057967,15594,1,14909,0,0,0,0,0
2057967,15594,1,139078,0,0,0,0,0
2057972,7839,2,93,1,0,0,0,0
2057972,7839,2,77521,1,0,0,0,0
2057972,7839,2,37948,1,1,0,0,0
2057972,7839,2,21314,1,0,0,0,0
2057972,7839,2,55983,1,0,0,0,0
2057972,7839,2,77558,1,0,0,0,0
2057972,7839,2,135207,1,0,0,0,0
2057972,7839,2,38084,1,0,0,0,0
2057972,7839,2,62221,1,0,0,0,0
2057972,7839,2,57226,1,0,0,0,0
2057972,7839,2,54451,1,0,0,0,0
2057972,7839,2,57480,0,0,0,0,0
2057972,7839,2,135174,0,0,0,0,0
2057972,7839,2,38241,0,0,0,0,0
2057972,7839,2,14826,0,0,0,0,0
2057972,7839,2,58105,0,0,0,0,0
2057972,7839,2,216568,0,0,0,0,0
2057972,7839,2,57347,0,0,0,0,0
2057972,7839,2,240906,0,0,0,0,0
2057972,7839,2,233276,0,0,0,0,0
2057972,7839,2,54495,0,0,0,0,0
2057972,7839,2,56146,0,0,0,0,0
2057972,7839,2,51127,0,0,0,0,0
2057972,12274,1,37732,1,0,0,0,0
2057972,12274,1,3314,1,0,0,0,0
2057972,12274,1,146459,1,0,0,0,0
2057972,12274,1,3551,1,0,0,0,0
2057972,12274,1,101652,1,0,0,0,0
2057972,12274,1,70086,1,0,0,0,0
2057972,12274,1,3355,1,0,0,0,0
2057972,12274,1,3359,1,0,0,0,0
2057972,12274,1,3445,1,0,0,0,0
2057972,12274,1,86722,1,0,0,0,0
2057972,12274,1,8325,1,1,0,0,0
2057972,12274,1,89073,0,0,0,0,0
2057972,12274,1,90991,0,0,0,0,0
2057972,12274,1,3463,0,0,0,0,0
2057972,12274,1,86234,0,0,0,0,0
2057972,12274,1,86537,0,0,0,0,0
2057972,12274,1,89186,0,0,0,0,0
2057972,12274,1,356237,0,0,0,0,0
2057972,12274,1,101742,0,0,0,0,0
2057972,12274,1,86220,0,0,0,0,0
2057972,12274,1,3280,0,0,0,0,0
2057972,12274,1,3323,0,0,0,0,0
2057972,12274,1,285396,0,0,0,0,0
2057966,8493,2,238055,1,0,0,0,0
2057966,8493,2,61407,1,0,0,0,0
2057966,8493,2,16151,1,0,0,0,0
2057966,8493,2,62389,1,0,0,0,0
2057966,8493,2,61651,1,0,1,87,0
2057966,8493,2,15020,1,0,0,13,0
2057966,8493,2,61390,1,0,0,0,0
2057966,8493,2,61395,1,0,0,0,0
2057966,8493,2,8410,1,1,0,0,0
2057966,8493,2,61425,1,0,0,0,0
2057966,8493,2,61367,1,0,0,57,0
2057966,8493,2,61554,0,0,0,0,0
2057966,8493,2,61492,0,0,0,0,0
2057966,8493,2,7947,0,0,0,0,0
2057966,8493,2,135425,0,0,0,0,0
2057966,8493,2,61360,0,0,0,0,0
2057966,8493,2,10214,0,0,0,0,0
2057966,8493,2,8247,0,0,0,0,0
2057966,8493,2,8286,0,0,0,0,0
2057966,8493,2,266442,0,0,0,0,0
2057966,8493,2,62743,0,0,0,0,0
2057966,8493,2,69978,0,0,0,0,0
2057966,8493,2,403613,0,0,0,0,0
2057966,4418,1,286390,1,0,0,0,0
2057966,4418,1,3682,1,1,0,0,0
2057966,4418,1,209091,1,0,0,76,0
2057966,4418,1,3309,1,0,0,0,0
2057966,4418,1,7936,1,0,0,0,0
2057966,4418,1,353833,1,0,0,0,0
2057966,4418,1,340646,1,0,0,0,0
2057966,4418,1,25397,1,0,0,0,0
2057966,4418,1,31528,1,0,0,0,0
2057966,4418,1,279545,1,0,0,0,0
2057966,4418,1,25381,1,0,0,0,0
2057966,4418,1,25418,0,0,0,0,0
2057966,4418,1,26196,0,0,0,0,0
2057966,4418,1,25552,0,0,0,0,0
2057966,4418,1,3276,0,0,0,0,0
2057966,4418,1,28922,0,0,0,0,0
2057966,4418,1,25770,0,0,0,0,0
2057966,4418,1,231138,0,0,0,0,0
2057966,4418,1,8200,0,0,0,0,0
2057966,4418,1,26136,0,0,0,0,0
2057966,4418,1,26010,0,0,0,0,0
2057966,4418,1,25437,0,0,0,0,0
2057966,4418,1,28115,0,0,0,0,0
2057960,9905,1,243588,1,0,0,28,0
2057960,9905,1,265673,1,0,0,0,0
2057960,9905,1,237034,1,0,0,0,0
2057960,9905,1,37762,1,0,0,0,0
2057960,9905,1,3322,1,3,0,0,0
2057960,9905,1,8126,1,0,0,0,0
2057960,9905,1,28907,1,0,0,0,0
2057960,9905,1,70134,1,0,0,0,0
2057960,9905,1,70093,1,0,0,0,0
2057960,9905,1,70389,1,0,0,0,0
2057960,9905,1,3305,1,0,0,0,0
2057960,9905,1,32599,0,0,0,0,0
2057960,9905,1,25382,0,0,0,0,0
2057960,9905,1,70381,0,0,0,0,0
2057960,9905,1,83876,0,0,0,0,0
2057960,9905,1,135927,0,0,0,0,0
2057960,9905,1,258154,0,0,0,0,0
2057960,9905,1,22107,0,0,0,0,0
2057960,9905,1,101558,0,0,0,0,0
2057960,9905,1,227059,0,0,0,0,0
2057960,9905,1,70965,0,0,0,0,0
2057960,9905,1,70403,0,0,0,0,0
2057960,9905,1,32597,0,0,0,0,0
2057960,1598,2,3353,1,0,0,0,0
2057960,1598,2,4338,1,2,0,0,0
2057960,1598,2,8317,1,0,0,0,0
2057960,1598,2,7910,1,0,0,0,0
2057960,1598,2,3304,1,1,0,0,0
2057960,1598,2,3443,1,0,0,0,0
2057960,1598,2,3306,1,0,0,0,0
2057960,1598,2,3346,1,0,0,17,0
2057960,1598,2,3341,1,0,0,0,0
2057960,1598,2,3269,1,0,0,0,0
2057960,1598,2,3563,1,0,0,0,0
2057960,1598,2,3397,0,0,0,0,0
2057960,1598,2,4501,0,0,0,0,0
2057960,1598,2,7949,0,0,0,0,0
2057960,1598,2,288091,0,0,0,0,0
2057960,1598,2,4488,0,0,0,0,0
2057960,1598,2,3560,0,0,0,0,0
2057960,1598,2,278289,0,0,0,0,0
2057960,1598,2,25553,0,0,0,0,0
2057960,1598,2,70129,0,0,0,0,0
2057960,1598,2,3345,0,0,0,0,0
2057960,1598,2,3840,0,0,0,0,0
2057960,1598,2,4498,0,0,0,0,0
2057961,10840,2,3509,1,0,0,10,0
2057961,10840,2,78991,1,0,0,0,0
2057961,10840,2,79381,1,0,0,46,0
2057961,10840,2,79098,1,0,0,0,0
2057961,10840,2,79149,1,0,0,89,0
2057961,10840,2,79449,1,0,0,0,0
2057961,10840,2,79248,1,0,0,0,0
2057961,10840,2,237836,1,0,0,0,0
2057961,10840,2,79006,1,0,0,0,0
2057961,10840,2,272829,1,0,0,0,0
2057961,10840,2,238031,1,0,0,0,0
2057961,10840,2,79115,0,0,0,0,0
2057961,10840,2,79658,0,0,0,0,0
2057961,10840,2,79038,0,0,0,0,0
2057961,10840,2,14939,0,0,0,0,0
2057961,10840,2,333803,0,0,0,0,0
2057961,10840,2,264476,0,0,0,0,0
2057961,10840,2,60144,0,0,0,0,0
2057961,10840,2,38064,0,0,0,0,0
2057961,10840,2,285538,0,0,0,0,0
2057961,10840,2,53562,0,0,0,0,0
2057961,10840,2,79320,0,0,0,0,0
2057961,16216,1,32968,1,0,0,0,0
2057961,16216,1,552555,1,0,0,0,0
2057961,16216,1,372915,1,0,0,0,0
2057961,16216,1,25998,1,0,0,0,0
2057961,16216,1,101846,1,0,0,0,0
2057961,16216,1,26226,1,0,0,0,0
2057961,16216,1,6509,1,0,0,0,0
2057961,16216,1,142,1,0,0,34,0
2057961,16216,1,20579,1,0,0,0,0
2057961,16216,1,396475,1,0,0,0,0
2057961,16216,1,221039,1,0,0,0,0
2057961,16216,1,426702,0,0,0,0,0
2057961,16216,1,285583,0,0,0,0,0
2057961,16216,1,447821,0,0,0,0,0
2057961,16216,1,29625,0,0,0,0,0
2057961,16216,1,149074,0,0,0,0,0
2057961,16216,1,101847,0,0,0,0,0
2057961,16216,1,120631,0,0,0,0,0
2057961,16216,1,289359,0,0,0,0,0
2057961,16216,1,25888,0,0,0,0,0
2057961,16216,1,285590,0,0,0,0,0
2057961,16216,1,101620,0,0,0,0,0
2057961,16216,1,15727,0,0,1,0,0
2057955,16129,1,437417,1,0,0,0,0
2057955,16129,1,120225,1,0,0,0,0
2057955,16129,1,388928,1,0,0,0,0
2057955,16129,1,120000,1,0,0,0,0
2057955,16129,1,119951,1,0,0,95,0
2057955,16129,1,119975,1,0,0,0,0
2057955,16129,1,198120,1,0,0,0,0
2057955,16129,1,120156,1,0,0,0,0
2057955,16129,1,120167,1,0,0,0,0
2057955,16129,1,120339,1,0,0,0,0
2057955,16129,1,220112,1,0,0,0,0
2057955,16129,1,120446,0,0,0,0,0
2057955,16129,1,120042,0,0,0,0,0
2057955,16129,1,119981,0,0,0,0,0
2057955,16129,1,120269,0,0,0,0,0
2057955,16129,1,8525,0,0,0,0,0
2057955,16129,1,120353,0,0,0,0,0
2057955,16129,1,296484,0,0,0,0,0
2057955,16129,1,119987,0,0,0,0,0
2057955,16129,1,120151,0,0,0,0,0
2057955,16129,1,119932,0,0,0,0,0
2057955,16129,1,11270,0,0,0,92,0
2057955,16129,1,332605,0,0,0,0,0
2057955,15670,2,299618,1,0,0,0,0
2057955,15670,2,213364,1,0,0,0,0
2057955,15670,2,116349,1,0,0,0,0
2057955,15670,2,21174,1,0,0,0,0
2057955,15670,2,32641,1,0,0,0,0
2057955,15670,2,227894,1,1,0,0,0
2057955,15670,2,20460,1,0,0,0,0
2057955,15670,2,116166,1,0,0,0,0
2057955,15670,2,361807,1,0,0,0,0
2057955,15670,2,3433,1,0,0,0,0
2057955,15670,2,7972,1,0,0,0,0
2057955,15670,2,395636,0,0,0,0,0
2057955,15670,2,116259,0,0,0,0,0
2057955,15670,2,70379,0,0,0,0,0
2057955,15670,2,7954,0,0,0,0,0
2057955,15670,2,113995,0,0,0,0,0
2057955,15670,2,116269,0,0,0,0,0
2057955,15670,2,3714,0,0,0,0,0
2057955,15670,2,70116,0,0,0,0,0
2057955,15670,2,116623,0,0,0,0,0
2057955,15670,2,333571,0,0,0,0,0
2057955,15670,2,70095,0,0,0,0,0
2057955,15670,2,86340,0,0,0,0,0
2057954,14358,1,101590,1,0,0,0,0
2057954,14358,1,101699,1,0,0,0,0
2057954,14358,1,101707,1,0,0,0,0
2057954,14358,1,103668,1,0,0,0,0
2057954,14358,1,102157,1,1,0,0,0
2057954,14358,1,41123,1,0,0,0,0
2057954,14358,1,257800,1,1,0,88,0
2057954,14358,1,103682,1,0,0,0,0
2057954,14358,1,101857,1,0,0,0,0
2057954,14358,1,101576,1,0,0,0,0
2057954,14358,1,101583,1,0,0,0,0
2057954,14358,1,101834,0,0,0,0,0
2057954,14358,1,101682,0,0,0,0,0
2057954,14358,1,262048,0,0,0,0,0
2057954,14358,1,101971,0,0,0,0,0
2057954,14358,1,101953,0,0,0,0,0
2057954,14358,1,101825,0,0,0,0,0
2057954,14358,1,101647,0,0,0,0,0
2057954,14358,1,288708,0,0,0,0,0
2057954,14358,1,102629,0,0,0,0,0
2057954,14358,1,220971,0,0,0,0,0
2057954,14358,1,4513,0,2,0,0,0
2057954,14358,1,101669,0,1,0,0,0
2057954,16521,2,139393,1,0,0,0,0
2057954,16521,2,122888,1,0,0,0,0
2057954,16521,2,122671,1,0,0,0,0
2057954,16521,2,122847,1,0,0,0,0
2057954,16521,2,122651,1,0,0,0,0
2057954,16521,2,122839,1,0,0,0,0
2057954,16521,2,122577,1,0,0,93,0
2057954,16521,2,122561,1,0,0,0,0
2057954,16521,2,292954,1,0,0,0,0
2057954,16521,2,122832,1,0,0,0,0
2057954,16521,2,122940,1,0,0,0,0
2057954,16521,2,122918,0,0,0,0,0
2057954,16521,2,487023,0,0,0,0,0
2057954,16521,2,122568,0,0,0,0,0
2057954,16521,2,398219,0,0,0,0,0
2057954,16521,2,284147,0,0,0,0,0
2057954,16521,2,122696,0,0,0,0,0
2057954,16521,2,248328,0,0,0,0,0
2057954,16521,2,122562,0,0,0,0,0
2057954,16521,2,139391,0,0,0,0,0
2057954,16521,2,122749,0,0,0,0,0
2057954,16521,2,122615,0,0,0,0,0
2057954,16521,2,122623,0,0,0,0,0
